,price_close,price_high,price_low,price_open,time_close,time_open,time_period_end,time_period_start,trades_count,volume_traded
0,0.03099401,0.03183852,0.03074541,0.03174451,2018-10-14T23:59:05.0000000Z,2018-10-14T00:04:35.0000000Z,2018-10-15T00:00:00.0000000Z,2018-10-14T00:00:00.0000000Z,531,409.5278404
1,0.03184152,0.03340967,0.03080598,0.03089611,2018-10-15T23:59:59.0000000Z,2018-10-15T00:06:12.0000000Z,2018-10-16T00:00:00.0000000Z,2018-10-15T00:00:00.0000000Z,1912,872.05746692
2,0.03175353,0.03201957,0.03150689,0.03184152,2018-10-16T23:52:41.0000000Z,2018-10-16T00:00:04.0000000Z,2018-10-17T00:00:00.0000000Z,2018-10-16T00:00:00.0000000Z,719,328.5983807
3,0.03170263,0.03197915,0.03148397,0.03179836,2018-10-17T23:53:00.0000000Z,2018-10-17T00:05:05.0000000Z,2018-10-18T00:00:00.0000000Z,2018-10-17T00:00:00.0000000Z,928,518.9396508
4,0.03124138,0.03180527,0.03092225,0.03164311,2018-10-18T23:56:06.0000000Z,2018-10-18T00:00:11.0000000Z,2018-10-19T00:00:00.0000000Z,2018-10-18T00:00:00.0000000Z,1714,1058.52946721
5,0.03151999,0.03166279,0.03107426,0.03124329,2018-10-19T23:57:05.0000000Z,2018-10-19T00:11:04.0000000Z,2018-10-20T00:00:00.0000000Z,2018-10-19T00:00:00.0000000Z,441,433.5798779
6,0.03175726,0.03180998,0.03132194,0.03151999,2018-10-20T23:56:47.0000000Z,2018-10-20T00:01:18.0000000Z,2018-10-21T00:00:00.0000000Z,2018-10-20T00:00:00.0000000Z,674,564.19987052
7,0.03157999,0.03193012,0.03134531,0.03175868,2018-10-21T23:57:54.0000000Z,2018-10-21T00:28:58.0000000Z,2018-10-22T00:00:00.0000000Z,2018-10-21T00:00:00.0000000Z,569,431.94910462
8,0.03147339,0.03166479,0.03126059,0.03146001,2018-10-22T23:59:52.0000000Z,2018-10-22T00:15:03.0000000Z,2018-10-23T00:00:00.0000000Z,2018-10-22T00:00:00.0000000Z,460,242.59316542
9,0.03135163,0.03154238,0.03021221,0.03140662,2018-10-23T23:09:39.0000000Z,2018-10-23T00:04:48.0000000Z,2018-10-24T00:00:00.0000000Z,2018-10-23T00:00:00.0000000Z,600,432.29749986
10,0.0313678,0.03148999,0.03122001,0.031489,2018-10-24T23:51:35.0000000Z,2018-10-24T01:01:21.0000000Z,2018-10-25T00:00:00.0000000Z,2018-10-24T00:00:00.0000000Z,973,479.9359144
11,0.03126471,0.03136761,0.03109034,0.03123,2018-10-25T22:22:50.0000000Z,2018-10-25T00:42:02.0000000Z,2018-10-26T00:00:00.0000000Z,2018-10-25T00:00:00.0000000Z,343,307.325794
12,0.03143953,0.03165462,0.03102011,0.03132809,2018-10-26T23:59:42.0000000Z,2018-10-26T01:00:46.0000000Z,2018-10-27T00:00:00.0000000Z,2018-10-26T00:00:00.0000000Z,590,676.84378812
13,0.03135,0.03150315,0.03115075,0.03143948,2018-10-27T22:21:41.0000000Z,2018-10-27T00:00:30.0000000Z,2018-10-28T00:00:00.0000000Z,2018-10-27T00:00:00.0000000Z,401,522.05811312
14,0.03160999,0.03166479,0.0313501,0.03138,2018-10-28T23:13:44.0000000Z,2018-10-28T00:44:20.0000000Z,2018-10-29T00:00:00.0000000Z,2018-10-28T00:00:00.0000000Z,572,599.1993996
15,0.03116001,0.0317271,0.03085174,0.03156014,2018-10-29T23:53:05.0000000Z,2018-10-29T00:03:08.0000000Z,2018-10-30T00:00:00.0000000Z,2018-10-29T00:00:00.0000000Z,959,990.89512498
16,0.03123998,0.03127999,0.030859,0.03102001,2018-10-30T23:56:27.0000000Z,2018-10-30T00:00:40.0000000Z,2018-10-31T00:00:00.0000000Z,2018-10-30T00:00:00.0000000Z,725,1057.31994426
17,0.031249,0.03151492,0.03091742,0.03124894,2018-10-31T23:52:23.0000000Z,2018-10-31T00:00:26.0000000Z,2018-11-01T00:00:00.0000000Z,2018-10-31T00:00:00.0000000Z,1030,1308.23965706
18,0.03112812,0.03141861,0.0310727,0.031249,2018-11-01T23:13:10.0000000Z,2018-11-01T00:00:52.0000000Z,2018-11-02T00:00:00.0000000Z,2018-11-01T00:00:00.0000000Z,252,253.07196594
19,0.03143007,0.03157841,0.03113545,0.03113545,2018-11-02T23:46:04.0000000Z,2018-11-02T00:08:57.0000000Z,2018-11-03T00:00:00.0000000Z,2018-11-02T00:00:00.0000000Z,1065,969.35914704
20,0.03134614,0.03157841,0.03131282,0.0315115,2018-11-03T23:57:06.0000000Z,2018-11-03T00:02:22.0000000Z,2018-11-04T00:00:00.0000000Z,2018-11-03T00:00:00.0000000Z,465,453.07025124
21,0.03267466,0.03350778,0.03134614,0.03141498,2018-11-04T23:47:33.0000000Z,2018-11-04T00:26:49.0000000Z,2018-11-05T00:00:00.0000000Z,2018-11-04T00:00:00.0000000Z,567,553.27395168
22,0.03255486,0.03284198,0.03219504,0.03265767,2018-11-05T23:13:55.0000000Z,2018-11-05T00:13:29.0000000Z,2018-11-06T00:00:00.0000000Z,2018-11-05T00:00:00.0000000Z,349,273.24196524
23,0.0339942,0.03399994,0.03246927,0.03257569,2018-11-06T23:57:12.0000000Z,2018-11-06T00:13:54.0000000Z,2018-11-07T00:00:00.0000000Z,2018-11-06T00:00:00.0000000Z,709,529.91735138
24,0.03334261,0.03407704,0.03305194,0.0339999,2018-11-07T23:59:38.0000000Z,2018-11-07T00:17:30.0000000Z,2018-11-08T00:00:00.0000000Z,2018-11-07T00:00:00.0000000Z,628,624.12547474
25,0.03279057,0.03351614,0.03256667,0.03335,2018-11-08T23:52:53.0000000Z,2018-11-08T00:01:06.0000000Z,2018-11-09T00:00:00.0000000Z,2018-11-08T00:00:00.0000000Z,1498,2126.01586498
26,0.0327089,0.03312593,0.03264922,0.03279057,2018-11-09T23:57:28.0000000Z,2018-11-09T00:06:09.0000000Z,2018-11-10T00:00:00.0000000Z,2018-11-09T00:00:00.0000000Z,452,409.85305542
27,0.03322916,0.03340116,0.03268697,0.03268697,2018-11-10T23:35:22.0000000Z,2018-11-10T00:16:04.0000000Z,2018-11-11T00:00:00.0000000Z,2018-11-10T00:00:00.0000000Z,340,229.21483366
28,0.03308367,0.03324769,0.03278998,0.0332218,2018-11-11T23:58:09.0000000Z,2018-11-11T00:07:19.0000000Z,2018-11-12T00:00:00.0000000Z,2018-11-11T00:00:00.0000000Z,396,293.4561826
29,0.03297486,0.0331917,0.03282001,0.03302659,2018-11-12T23:51:47.0000000Z,2018-11-12T00:01:14.0000000Z,2018-11-13T00:00:00.0000000Z,2018-11-12T00:00:00.0000000Z,634,692.2278113
30,0.0323819,0.03296036,0.03213501,0.03286561,2018-11-13T23:50:55.0000000Z,2018-11-13T00:52:55.0000000Z,2018-11-14T00:00:00.0000000Z,2018-11-13T00:00:00.0000000Z,1010,1375.82336546
31,0.03158625,0.03263021,0.02967244,0.03239809,2018-11-14T23:57:35.0000000Z,2018-11-14T00:04:12.0000000Z,2018-11-15T00:00:00.0000000Z,2018-11-14T00:00:00.0000000Z,1684,2272.52053566
32,0.03189037,0.03249988,0.03120945,0.0318511,2018-11-15T23:51:09.0000000Z,2018-11-15T00:22:23.0000000Z,2018-11-16T00:00:00.0000000Z,2018-11-15T00:00:00.0000000Z,1358,1303.26872154
33,0.03135841,0.03237659,0.03127377,0.03196484,2018-11-16T23:51:43.0000000Z,2018-11-16T00:03:16.0000000Z,2018-11-17T00:00:00.0000000Z,2018-11-16T00:00:00.0000000Z,635,510.80532642
34,0.03109311,0.03165418,0.03096126,0.03127377,2018-11-17T23:26:55.0000000Z,2018-11-17T00:07:01.0000000Z,2018-11-18T00:00:00.0000000Z,2018-11-17T00:00:00.0000000Z,592,493.92279428
35,0.03135852,0.03175,0.03106949,0.03108504,2018-11-18T23:54:39.0000000Z,2018-11-18T00:24:03.0000000Z,2018-11-19T00:00:00.0000000Z,2018-11-18T00:00:00.0000000Z,792,483.27515238
36,0.03072646,0.03156,0.02900001,0.03155001,2018-11-19T23:59:50.0000000Z,2018-11-19T00:05:19.0000000Z,2018-11-20T00:00:00.0000000Z,2018-11-19T00:00:00.0000000Z,1758,1228.16079236
37,0.02930001,0.03092545,0.02893154,0.03043281,2018-11-20T23:57:54.0000000Z,2018-11-20T00:04:03.0000000Z,2018-11-21T00:00:00.0000000Z,2018-11-20T00:00:00.0000000Z,3186,2218.45221524
38,0.02957751,0.03005346,0.02893144,0.02963376,2018-11-21T23:46:39.0000000Z,2018-11-21T00:02:28.0000000Z,2018-11-22T00:00:00.0000000Z,2018-11-21T00:00:00.0000000Z,1222,860.48274488
39,0.02906044,0.02993888,0.02891485,0.02962389,2018-11-22T23:58:11.0000000Z,2018-11-22T00:05:32.0000000Z,2018-11-23T00:00:00.0000000Z,2018-11-22T00:00:00.0000000Z,620,608.96869692
40,0.02825,0.02914709,0.028,0.02887051,2018-11-23T23:57:03.0000000Z,2018-11-23T00:03:50.0000000Z,2018-11-24T00:00:00.0000000Z,2018-11-23T00:00:00.0000000Z,793,619.46975404
41,0.02919947,0.0295204,0.02806061,0.02825,2018-11-24T23:59:27.0000000Z,2018-11-24T00:00:01.0000000Z,2018-11-25T00:00:00.0000000Z,2018-11-24T00:00:00.0000000Z,791,743.1622267
42,0.02904306,0.02963494,0.028,0.02919945,2018-11-25T23:22:20.0000000Z,2018-11-25T00:01:38.0000000Z,2018-11-26T00:00:00.0000000Z,2018-11-25T00:00:00.0000000Z,1728,1650.71623128
43,0.0287341,0.0292802,0.02837651,0.0288044,2018-11-26T23:39:25.0000000Z,2018-11-26T00:20:35.0000000Z,2018-11-27T00:00:00.0000000Z,2018-11-26T00:00:00.0000000Z,1197,1199.65543966
44,0.02872682,0.02906473,0.02774874,0.02869977,2018-11-27T23:40:48.0000000Z,2018-11-27T00:04:29.0000000Z,2018-11-28T00:00:00.0000000Z,2018-11-27T00:00:00.0000000Z,1279,1362.5929856
45,0.02856136,0.02909393,0.02779546,0.02876925,2018-11-28T23:41:33.0000000Z,2018-11-28T00:01:13.0000000Z,2018-11-29T00:00:00.0000000Z,2018-11-28T00:00:00.0000000Z,1259,921.92293678
46,0.02742793,0.02887445,0.02723737,0.02873187,2018-11-29T23:47:30.0000000Z,2018-11-29T00:01:13.0000000Z,2018-11-30T00:00:00.0000000Z,2018-11-29T00:00:00.0000000Z,1123,934.55762144
47,0.02809908,0.02874431,0.02726944,0.02750282,2018-11-30T23:49:54.0000000Z,2018-11-30T00:10:10.0000000Z,2018-12-01T00:00:00.0000000Z,2018-11-30T00:00:00.0000000Z,1299,1013.16414222
48,0.02808867,0.02896212,0.0278,0.02804094,2018-12-01T23:52:17.0000000Z,2018-12-01T01:12:58.0000000Z,2018-12-02T00:00:00.0000000Z,2018-12-01T00:00:00.0000000Z,644,588.47627458
49,0.02812187,0.02835715,0.02783355,0.02802792,2018-12-02T23:58:42.0000000Z,2018-12-02T00:22:57.0000000Z,2018-12-03T00:00:00.0000000Z,2018-12-02T00:00:00.0000000Z,653,810.95373246
50,0.02788245,0.02846977,0.02767791,0.02813106,2018-12-03T22:58:49.0000000Z,2018-12-03T00:01:53.0000000Z,2018-12-04T00:00:00.0000000Z,2018-12-03T00:00:00.0000000Z,828,1123.1464255
51,0.0278648,0.02813206,0.02761469,0.02801177,2018-12-04T23:57:44.0000000Z,2018-12-04T00:12:16.0000000Z,2018-12-05T00:00:00.0000000Z,2018-12-04T00:00:00.0000000Z,880,965.00622542
52,0.02704063,0.02791531,0.02704063,0.02773801,2018-12-05T23:45:44.0000000Z,2018-12-05T00:11:02.0000000Z,2018-12-06T00:00:00.0000000Z,2018-12-05T00:00:00.0000000Z,1178,1110.57306516
53,0.02614842,0.02730841,0.02554166,0.02711567,2018-12-06T23:59:42.0000000Z,2018-12-06T00:00:01.0000000Z,2018-12-07T00:00:00.0000000Z,2018-12-06T00:00:00.0000000Z,1780,2360.27041914
54,0.02718029,0.02764967,0.01560155,0.02600009,2018-12-07T23:20:23.0000000Z,2018-12-07T00:00:06.0000000Z,2018-12-08T00:00:00.0000000Z,2018-12-07T00:00:00.0000000Z,1934,3836.0448061
55,0.02631578,0.02818226,0.02545432,0.02753433,2018-12-08T23:56:54.0000000Z,2018-12-08T00:09:31.0000000Z,2018-12-09T00:00:00.0000000Z,2018-12-08T00:00:00.0000000Z,1604,2604.40078438
56,0.0261665,0.02704788,0.02600427,0.02628003,2018-12-09T23:28:55.0000000Z,2018-12-09T00:06:58.0000000Z,2018-12-10T00:00:00.0000000Z,2018-12-09T00:00:00.0000000Z,507,687.32897236
57,0.02607985,0.0264759,0.02570919,0.02638169,2018-12-10T23:43:53.0000000Z,2018-12-10T00:48:26.0000000Z,2018-12-11T00:00:00.0000000Z,2018-12-10T00:00:00.0000000Z,384,341.95807014
58,0.02590928,0.02659222,0.02570912,0.02611964,2018-12-11T23:12:04.0000000Z,2018-12-11T00:05:32.0000000Z,2018-12-12T00:00:00.0000000Z,2018-12-11T00:00:00.0000000Z,377,398.07292304
59,0.02590031,0.02628119,0.02582953,0.02585413,2018-12-12T23:36:33.0000000Z,2018-12-12T00:01:38.0000000Z,2018-12-13T00:00:00.0000000Z,2018-12-12T00:00:00.0000000Z,797,1455.19695432
60,0.02603813,0.02659166,0.02584038,0.02599409,2018-12-13T23:17:59.0000000Z,2018-12-13T00:03:22.0000000Z,2018-12-14T00:00:00.0000000Z,2018-12-13T00:00:00.0000000Z,503,667.48627728
61,0.02601001,0.0263995,0.02582046,0.02618,2018-12-14T22:59:37.0000000Z,2018-12-14T00:15:19.0000000Z,2018-12-15T00:00:00.0000000Z,2018-12-14T00:00:00.0000000Z,1359,409.71403078
62,0.02612444,0.02622999,0.02587896,0.02601,2018-12-15T23:51:07.0000000Z,2018-12-15T00:00:54.0000000Z,2018-12-16T00:00:00.0000000Z,2018-12-15T00:00:00.0000000Z,424,389.49180592
63,0.0262106,0.02672242,0.02603198,0.02604425,2018-12-16T23:51:28.0000000Z,2018-12-16T00:09:18.0000000Z,2018-12-17T00:00:00.0000000Z,2018-12-16T00:00:00.0000000Z,1176,2497.65086042
64,0.02682947,0.02724005,0.02612141,0.02627997,2018-12-17T23:58:23.0000000Z,2018-12-17T00:05:07.0000000Z,2018-12-18T00:00:00.0000000Z,2018-12-17T00:00:00.0000000Z,692,708.3284186
65,0.02738869,0.0275,0.02626037,0.02682959,2018-12-18T23:58:34.0000000Z,2018-12-18T00:02:15.0000000Z,2018-12-19T00:00:00.0000000Z,2018-12-18T00:00:00.0000000Z,1927,2879.41048224
66,0.02701,0.02833378,0.02695,0.02755924,2018-12-19T23:46:45.0000000Z,2018-12-19T00:02:29.0000000Z,2018-12-20T00:00:00.0000000Z,2018-12-19T00:00:00.0000000Z,957,700.39701244
67,0.02797289,0.02834,0.02633296,0.02709913,2018-12-20T23:45:50.0000000Z,2018-12-20T00:22:49.0000000Z,2018-12-21T00:00:00.0000000Z,2018-12-20T00:00:00.0000000Z,2633,2753.88695902
68,0.02791252,0.02870256,0.02745135,0.02782263,2018-12-21T22:42:04.0000000Z,2018-12-21T00:08:52.0000000Z,2018-12-22T00:00:00.0000000Z,2018-12-21T00:00:00.0000000Z,1036,1190.87412124
69,0.02915677,0.02927299,0.02756755,0.02791437,2018-12-22T23:56:47.0000000Z,2018-12-22T00:09:35.0000000Z,2018-12-23T00:00:00.0000000Z,2018-12-22T00:00:00.0000000Z,1556,2893.60023482
70,0.03307143,0.03316341,0.02915676,0.02915676,2018-12-23T23:19:04.0000000Z,2018-12-23T00:02:23.0000000Z,2018-12-24T00:00:00.0000000Z,2018-12-23T00:00:00.0000000Z,1283,1047.50777914
71,0.03419562,0.03737,0.03305999,0.03338078,2018-12-24T23:53:52.0000000Z,2018-12-24T00:09:39.0000000Z,2018-12-25T00:00:00.0000000Z,2018-12-24T00:00:00.0000000Z,1738,2210.59704376
72,0.03410453,0.03465827,0.0329208,0.03439852,2018-12-25T23:50:20.0000000Z,2018-12-25T00:04:17.0000000Z,2018-12-26T00:00:00.0000000Z,2018-12-25T00:00:00.0000000Z,1450,2378.49754916
73,0.03419549,0.03531281,0.03343648,0.03386,2018-12-26T23:32:30.0000000Z,2018-12-26T00:25:33.0000000Z,2018-12-27T00:00:00.0000000Z,2018-12-26T00:00:00.0000000Z,513,489.31049524
74,0.03194446,0.03422522,0.0314501,0.03422521,2018-12-27T23:56:34.0000000Z,2018-12-27T00:04:54.0000000Z,2018-12-28T00:00:00.0000000Z,2018-12-27T00:00:00.0000000Z,842,1012.66499228
75,0.03514081,0.03533128,0.03145912,0.03179145,2018-12-28T23:59:34.0000000Z,2018-12-28T00:02:58.0000000Z,2018-12-29T00:00:00.0000000Z,2018-12-28T00:00:00.0000000Z,894,1941.39531482
76,0.03628367,0.03694693,0.03427135,0.03515728,2018-12-29T23:58:59.0000000Z,2018-12-29T00:01:37.0000000Z,2018-12-30T00:00:00.0000000Z,2018-12-29T00:00:00.0000000Z,1168,1920.54447542
77,0.03559821,0.03631367,0.03477727,0.03609329,2018-12-30T23:57:44.0000000Z,2018-12-30T00:00:03.0000000Z,2018-12-31T00:00:00.0000000Z,2018-12-30T00:00:00.0000000Z,1084,1529.59181214
78,0.0353,0.036,0.03486684,0.03599915,2018-12-31T23:32:18.0000000Z,2018-12-31T00:04:24.0000000Z,2019-01-01T00:00:00.0000000Z,2018-12-31T00:00:00.0000000Z,692,1348.06215764
79,0.03607123,0.03751905,0.03500002,0.0354,2019-01-01T23:57:10.0000000Z,2019-01-01T01:15:12.0000000Z,2019-01-02T00:00:00.0000000Z,2019-01-01T00:00:00.0000000Z,374,483.35354956
80,0.0392968,0.0399476,0.03563917,0.03607123,2019-01-02T23:59:30.0000000Z,2019-01-02T00:00:05.0000000Z,2019-01-03T00:00:00.0000000Z,2019-01-02T00:00:00.0000000Z,1540,1447.14390218
81,0.03884735,0.03982372,0.03802398,0.03929699,2019-01-03T23:47:36.0000000Z,2019-01-03T00:01:25.0000000Z,2019-01-04T00:00:00.0000000Z,2019-01-03T00:00:00.0000000Z,1200,937.44125216
82,0.04005038,0.04081819,0.03838001,0.03866018,2019-01-04T23:54:14.0000000Z,2019-01-04T00:08:52.0000000Z,2019-01-05T00:00:00.0000000Z,2019-01-04T00:00:00.0000000Z,1469,1483.07039066
83,0.04031995,0.0415671,0.04008594,0.04008595,2019-01-05T23:10:09.0000000Z,2019-01-05T00:11:42.0000000Z,2019-01-06T00:00:00.0000000Z,2019-01-05T00:00:00.0000000Z,1215,1155.63664522
84,0.03857904,0.04062747,0.03822479,0.04032257,2019-01-06T23:54:38.0000000Z,2019-01-06T00:06:26.0000000Z,2019-01-07T00:00:00.0000000Z,2019-01-06T00:00:00.0000000Z,819,993.13128106
85,0.03766683,0.03868523,0.03723535,0.03857854,2019-01-07T23:57:16.0000000Z,2019-01-07T00:06:51.0000000Z,2019-01-08T00:00:00.0000000Z,2019-01-07T00:00:00.0000000Z,647,1033.27145874
86,0.03717919,0.03769999,0.03689773,0.03750208,2019-01-08T23:55:46.0000000Z,2019-01-08T00:31:52.0000000Z,2019-01-09T00:00:00.0000000Z,2019-01-08T00:00:00.0000000Z,681,999.55729006
87,0.03743797,0.03792422,0.03698257,0.03718295,2019-01-09T23:21:55.0000000Z,2019-01-09T00:25:59.0000000Z,2019-01-10T00:00:00.0000000Z,2019-01-09T00:00:00.0000000Z,520,755.12467924
88,0.03518596,0.03729999,0.0341724,0.03709535,2019-01-10T22:51:50.0000000Z,2019-01-10T00:01:11.0000000Z,2019-01-11T00:00:00.0000000Z,2019-01-10T00:00:00.0000000Z,1130,1604.22275498
89,0.03451,0.03529896,0.03363107,0.03475419,2019-01-11T23:57:48.0000000Z,2019-01-11T00:01:54.0000000Z,2019-01-12T00:00:00.0000000Z,2019-01-11T00:00:00.0000000Z,796,1067.00606018
90,0.03444852,0.03493027,0.03425405,0.03461712,2019-01-12T23:45:34.0000000Z,2019-01-12T00:08:37.0000000Z,2019-01-13T00:00:00.0000000Z,2019-01-12T00:00:00.0000000Z,470,704.73160758
91,0.03291781,0.03445839,0.03250493,0.03423583,2019-01-13T23:44:49.0000000Z,2019-01-13T00:00:53.0000000Z,2019-01-14T00:00:00.0000000Z,2019-01-13T00:00:00.0000000Z,385,578.44645926
92,0.03495613,0.03555494,0.03278824,0.03291781,2019-01-14T23:51:10.0000000Z,2019-01-14T00:04:56.0000000Z,2019-01-15T00:00:00.0000000Z,2019-01-14T00:00:00.0000000Z,705,1047.72763654
93,0.0334798,0.03542985,0.03292286,0.0350346,2019-01-15T23:45:17.0000000Z,2019-01-15T00:05:00.0000000Z,2019-01-16T00:00:00.0000000Z,2019-01-15T00:00:00.0000000Z,565,1036.1698188
94,0.03406381,0.03466083,0.0332565,0.03342802,2019-01-16T23:29:12.0000000Z,2019-01-16T00:10:51.0000000Z,2019-01-17T00:00:00.0000000Z,2019-01-16T00:00:00.0000000Z,300,484.49566392
95,0.03365143,0.03393316,0.03302689,0.03393312,2019-01-17T23:20:19.0000000Z,2019-01-17T00:05:48.0000000Z,2019-01-18T00:00:00.0000000Z,2019-01-17T00:00:00.0000000Z,305,513.5843656
96,0.0329768,0.03370031,0.03295649,0.03343987,2019-01-18T23:44:35.0000000Z,2019-01-18T00:15:37.0000000Z,2019-01-19T00:00:00.0000000Z,2019-01-18T00:00:00.0000000Z,205,457.70887732
97,0.03348353,0.03391999,0.03310693,0.03324897,2019-01-19T23:45:48.0000000Z,2019-01-19T00:01:07.0000000Z,2019-01-20T00:00:00.0000000Z,2019-01-19T00:00:00.0000000Z,473,605.0471666
98,0.03309942,0.03355902,0.03290685,0.03335929,2019-01-20T23:46:36.0000000Z,2019-01-20T00:05:38.0000000Z,2019-01-21T00:00:00.0000000Z,2019-01-20T00:00:00.0000000Z,283,688.42763994
99,0.03287641,0.03325583,0.03218213,0.03320331,2019-01-21T22:26:01.0000000Z,2019-01-21T02:43:12.0000000Z,2019-01-22T00:00:00.0000000Z,2019-01-21T00:00:00.0000000Z,325,370.74991892
100,0.03289254,0.03310101,0.03200005,0.03290227,2019-01-22T23:44:13.0000000Z,2019-01-22T01:02:30.0000000Z,2019-01-23T00:00:00.0000000Z,2019-01-22T00:00:00.0000000Z,572,681.85785102
101,0.03268521,0.03313993,0.03253138,0.03305261,2019-01-23T23:56:31.0000000Z,2019-01-23T00:04:25.0000000Z,2019-01-24T00:00:00.0000000Z,2019-01-23T00:00:00.0000000Z,445,380.46178258
102,0.03253046,0.03283678,0.03229173,0.03269889,2019-01-24T23:46:35.0000000Z,2019-01-24T00:07:51.0000000Z,2019-01-25T00:00:00.0000000Z,2019-01-24T00:00:00.0000000Z,323,510.38460294
103,0.03222406,0.03292127,0.03222406,0.03252257,2019-01-25T23:59:32.0000000Z,2019-01-25T00:02:25.0000000Z,2019-01-26T00:00:00.0000000Z,2019-01-25T00:00:00.0000000Z,459,975.36621954
104,0.0322783,0.03246325,0.03207735,0.03237315,2019-01-26T23:04:29.0000000Z,2019-01-26T02:51:25.0000000Z,2019-01-27T00:00:00.0000000Z,2019-01-26T00:00:00.0000000Z,224,360.72045434
105,0.03154336,0.0323967,0.03154336,0.032366,2019-01-27T23:58:34.0000000Z,2019-01-27T00:02:27.0000000Z,2019-01-28T00:00:00.0000000Z,2019-01-27T00:00:00.0000000Z,341,721.39509366
106,0.03067687,0.03175256,0.02976816,0.03161683,2019-01-28T23:56:30.0000000Z,2019-01-28T00:01:30.0000000Z,2019-01-29T00:00:00.0000000Z,2019-01-28T00:00:00.0000000Z,940,1155.17563878
107,0.03057703,0.0309939,0.03033501,0.03071838,2019-01-29T23:54:05.0000000Z,2019-01-29T00:07:22.0000000Z,2019-01-30T00:00:00.0000000Z,2019-01-29T00:00:00.0000000Z,548,719.78407502
108,0.03132552,0.03162332,0.03048616,0.030583,2019-01-30T23:57:11.0000000Z,2019-01-30T00:03:01.0000000Z,2019-01-31T00:00:00.0000000Z,2019-01-30T00:00:00.0000000Z,555,615.00739382
109,0.0310009,0.03168266,0.030715,0.03142029,2019-01-31T23:55:36.0000000Z,2019-01-31T00:08:37.0000000Z,2019-02-01T00:00:00.0000000Z,2019-01-31T00:00:00.0000000Z,465,639.36502552
110,0.03093611,0.03108795,0.03043933,0.03093759,2019-02-01T23:44:41.0000000Z,2019-02-01T00:13:11.0000000Z,2019-02-02T00:00:00.0000000Z,2019-02-01T00:00:00.0000000Z,622,874.63200712
111,0.03154298,0.03164187,0.03075296,0.03088886,2019-02-02T23:59:16.0000000Z,2019-02-02T00:01:03.0000000Z,2019-02-03T00:00:00.0000000Z,2019-02-02T00:00:00.0000000Z,403,527.3862983
112,0.03087108,0.03169945,0.03080499,0.03160824,2019-02-03T23:57:03.0000000Z,2019-02-03T00:05:06.0000000Z,2019-02-04T00:00:00.0000000Z,2019-02-03T00:00:00.0000000Z,498,674.25136704
113,0.03106481,0.03130646,0.03082384,0.03092447,2019-02-04T23:09:41.0000000Z,2019-02-04T00:01:12.0000000Z,2019-02-05T00:00:00.0000000Z,2019-02-04T00:00:00.0000000Z,428,531.63905558
114,0.03086738,0.03110772,0.03080704,0.03108001,2019-02-05T23:43:54.0000000Z,2019-02-05T00:10:11.0000000Z,2019-02-06T00:00:00.0000000Z,2019-02-05T00:00:00.0000000Z,584,994.92453224
115,0.03081543,0.03097554,0.03002558,0.03094507,2019-02-06T23:05:06.0000000Z,2019-02-06T00:04:19.0000000Z,2019-02-07T00:00:00.0000000Z,2019-02-06T00:00:00.0000000Z,570,822.21426008
116,0.03066916,0.0309775,0.03055337,0.03068466,2019-02-07T23:51:47.0000000Z,2019-02-07T00:11:27.0000000Z,2019-02-08T00:00:00.0000000Z,2019-02-07T00:00:00.0000000Z,472,551.94892966
117,0.03265997,0.03296591,0.03060057,0.03068864,2019-02-08T23:55:27.0000000Z,2019-02-08T00:29:28.0000000Z,2019-02-09T00:00:00.0000000Z,2019-02-08T00:00:00.0000000Z,928,1228.9851735
118,0.03253152,0.0329331,0.0320201,0.03253472,2019-02-09T23:26:19.0000000Z,2019-02-09T00:01:15.0000000Z,2019-02-10T00:00:00.0000000Z,2019-02-09T00:00:00.0000000Z,427,787.56981116
119,0.0339659,0.03418566,0.03206504,0.03254305,2019-02-10T23:58:42.0000000Z,2019-02-10T00:35:39.0000000Z,2019-02-11T00:00:00.0000000Z,2019-02-10T00:00:00.0000000Z,740,1114.95641418
120,0.0332808,0.03404873,0.03299552,0.03399971,2019-02-11T23:08:15.0000000Z,2019-02-11T00:05:52.0000000Z,2019-02-12T00:00:00.0000000Z,2019-02-11T00:00:00.0000000Z,1089,1505.5306287
121,0.03365654,0.033847,0.03306347,0.03323356,2019-02-12T23:52:00.0000000Z,2019-02-12T00:07:39.0000000Z,2019-02-13T00:00:00.0000000Z,2019-02-12T00:00:00.0000000Z,1048,1326.2963961
122,0.03382176,0.03442539,0.03356721,0.03358392,2019-02-13T23:57:27.0000000Z,2019-02-13T00:08:02.0000000Z,2019-02-14T00:00:00.0000000Z,2019-02-13T00:00:00.0000000Z,658,830.26700064
123,0.03357029,0.03438068,0.03357029,0.03375428,2019-02-14T23:56:44.0000000Z,2019-02-14T00:04:41.0000000Z,2019-02-15T00:00:00.0000000Z,2019-02-14T00:00:00.0000000Z,761,693.93076408
124,0.0336801,0.03402898,0.03347439,0.03347737,2019-02-15T23:41:56.0000000Z,2019-02-15T00:02:12.0000000Z,2019-02-16T00:00:00.0000000Z,2019-02-15T00:00:00.0000000Z,774,1115.2581538
125,0.03396376,0.03419045,0.03369522,0.03385501,2019-02-16T23:59:00.0000000Z,2019-02-16T00:01:38.0000000Z,2019-02-17T00:00:00.0000000Z,2019-02-16T00:00:00.0000000Z,1052,1035.51319908
126,0.03651096,0.03692194,0.03385086,0.03396374,2019-02-17T23:57:18.0000000Z,2019-02-17T00:00:26.0000000Z,2019-02-18T00:00:00.0000000Z,2019-02-17T00:00:00.0000000Z,2161,2811.98624032
127,0.03735948,0.03824311,0.03624282,0.03640934,2019-02-18T23:54:09.0000000Z,2019-02-18T00:02:55.0000000Z,2019-02-19T00:00:00.0000000Z,2019-02-18T00:00:00.0000000Z,2206,2735.18956596
128,0.03662618,0.03798194,0.03651494,0.03743645,2019-02-19T23:54:46.0000000Z,2019-02-19T00:04:15.0000000Z,2019-02-20T00:00:00.0000000Z,2019-02-19T00:00:00.0000000Z,1729,2359.13739288
129,0.03733952,0.03752535,0.03603089,0.03662617,2019-02-20T23:59:59.0000000Z,2019-02-20T00:02:32.0000000Z,2019-02-21T00:00:00.0000000Z,2019-02-20T00:00:00.0000000Z,1269,1722.0486054
130,0.03686381,0.03734789,0.03636459,0.03732429,2019-02-21T23:59:23.0000000Z,2019-02-21T00:00:01.0000000Z,2019-02-22T00:00:00.0000000Z,2019-02-21T00:00:00.0000000Z,1624,2365.11220922
131,0.03726813,0.03757193,0.03654023,0.036847,2019-02-22T23:59:35.0000000Z,2019-02-22T00:02:00.0000000Z,2019-02-23T00:00:00.0000000Z,2019-02-22T00:00:00.0000000Z,1790,2389.73786504
132,0.03835195,0.03931631,0.03699491,0.03722357,2019-02-23T23:59:28.0000000Z,2019-02-23T00:00:32.0000000Z,2019-02-24T00:00:00.0000000Z,2019-02-23T00:00:00.0000000Z,1357,1219.66154086
133,0.03533672,0.03967539,0.03533672,0.03837604,2019-02-24T23:59:20.0000000Z,2019-02-24T00:03:06.0000000Z,2019-02-25T00:00:00.0000000Z,2019-02-24T00:00:00.0000000Z,3440,4536.4779929
134,0.03594603,0.03670245,0.03532969,0.03536787,2019-02-25T23:55:57.0000000Z,2019-02-25T00:00:19.0000000Z,2019-02-26T00:00:00.0000000Z,2019-02-25T00:00:00.0000000Z,1185,1587.81009718
135,0.03574216,0.0361308,0.03526057,0.03589324,2019-02-26T23:58:47.0000000Z,2019-02-26T00:11:03.0000000Z,2019-02-27T00:00:00.0000000Z,2019-02-26T00:00:00.0000000Z,742,895.23420184
136,0.03539254,0.03653736,0.03396964,0.03579957,2019-02-27T23:55:46.0000000Z,2019-02-27T00:02:48.0000000Z,2019-02-28T00:00:00.0000000Z,2019-02-27T00:00:00.0000000Z,1028,1656.17616352
137,0.03556151,0.03594046,0.03497524,0.03536486,2019-02-28T23:54:00.0000000Z,2019-02-28T00:00:27.0000000Z,2019-03-01T00:00:00.0000000Z,2019-02-28T00:00:00.0000000Z,977,1946.6860208
138,0.03537265,0.03579933,0.0352872,0.03555119,2019-03-01T23:48:34.0000000Z,2019-03-01T00:36:21.0000000Z,2019-03-02T00:00:00.0000000Z,2019-03-01T00:00:00.0000000Z,441,593.56560894
139,0.034761,0.03551857,0.03433974,0.03536159,2019-03-02T23:47:48.0000000Z,2019-03-02T00:09:53.0000000Z,2019-03-03T00:00:00.0000000Z,2019-03-02T00:00:00.0000000Z,679,995.19018178
140,0.03436727,0.0351966,0.0339,0.03474723,2019-03-03T23:53:41.0000000Z,2019-03-03T00:00:47.0000000Z,2019-03-04T00:00:00.0000000Z,2019-03-03T00:00:00.0000000Z,683,792.0412937
141,0.03376572,0.03429738,0.03331392,0.03421652,2019-03-04T23:53:23.0000000Z,2019-03-04T00:05:48.0000000Z,2019-03-05T00:00:00.0000000Z,2019-03-04T00:00:00.0000000Z,799,1227.07714232
142,0.03536099,0.03555154,0.03375916,0.03390359,2019-03-05T23:59:39.0000000Z,2019-03-05T00:18:25.0000000Z,2019-03-06T00:00:00.0000000Z,2019-03-05T00:00:00.0000000Z,799,1383.9078872
143,0.0355697,0.03602679,0.03482587,0.03536099,2019-03-06T23:05:57.0000000Z,2019-03-06T00:00:23.0000000Z,2019-03-07T00:00:00.0000000Z,2019-03-06T00:00:00.0000000Z,655,634.57988336
144,0.03530666,0.03579452,0.03512429,0.03556288,2019-03-07T23:58:37.0000000Z,2019-03-07T00:02:19.0000000Z,2019-03-08T00:00:00.0000000Z,2019-03-07T00:00:00.0000000Z,383,521.86100896
145,0.03451453,0.035483,0.0342725,0.03530666,2019-03-08T23:56:10.0000000Z,2019-03-08T00:01:35.0000000Z,2019-03-09T00:00:00.0000000Z,2019-03-08T00:00:00.0000000Z,689,842.69526124
146,0.03485138,0.03543383,0.03448447,0.03449183,2019-03-09T23:31:46.0000000Z,2019-03-09T00:10:43.0000000Z,2019-03-10T00:00:00.0000000Z,2019-03-09T00:00:00.0000000Z,748,1405.06483966
147,0.03457852,0.03500589,0.03440344,0.03481158,2019-03-10T23:56:12.0000000Z,2019-03-10T00:00:06.0000000Z,2019-03-11T00:00:00.0000000Z,2019-03-10T00:00:00.0000000Z,874,1464.08488284
148,0.03422567,0.034762,0.03403072,0.0345817,2019-03-11T23:51:48.0000000Z,2019-03-11T00:16:44.0000000Z,2019-03-12T00:00:00.0000000Z,2019-03-11T00:00:00.0000000Z,1559,3036.02074774
149,0.03435016,0.03472779,0.03364214,0.03428339,2019-03-12T23:58:47.0000000Z,2019-03-12T00:00:51.0000000Z,2019-03-13T00:00:00.0000000Z,2019-03-12T00:00:00.0000000Z,1652,3426.8344161
150,0.03406117,0.03443029,0.03394996,0.03442118,2019-03-13T23:52:04.0000000Z,2019-03-13T00:00:58.0000000Z,2019-03-14T00:00:00.0000000Z,2019-03-13T00:00:00.0000000Z,735,1313.8201182
151,0.03410901,0.0344545,0.03390812,0.03398508,2019-03-14T23:45:04.0000000Z,2019-03-14T00:17:49.0000000Z,2019-03-15T00:00:00.0000000Z,2019-03-14T00:00:00.0000000Z,1296,2024.85946908
152,0.03465348,0.03501763,0.03410031,0.03411324,2019-03-15T23:35:24.0000000Z,2019-03-15T00:09:03.0000000Z,2019-03-16T00:00:00.0000000Z,2019-03-15T00:00:00.0000000Z,1321,1646.99395012
153,0.03525493,0.0356121,0.03483953,0.0348685,2019-03-16T23:51:26.0000000Z,2019-03-16T00:53:29.0000000Z,2019-03-17T00:00:00.0000000Z,2019-03-16T00:00:00.0000000Z,966,798.6112866
154,0.03479842,0.03503345,0.03453806,0.03489745,2019-03-17T23:59:29.0000000Z,2019-03-17T00:17:25.0000000Z,2019-03-18T00:00:00.0000000Z,2019-03-17T00:00:00.0000000Z,634,462.59336676
155,0.03445843,0.03521269,0.03438643,0.03481278,2019-03-18T23:13:10.0000000Z,2019-03-18T00:05:04.0000000Z,2019-03-19T00:00:00.0000000Z,2019-03-18T00:00:00.0000000Z,684,715.15523306
156,0.03441354,0.03473612,0.03438234,0.03444772,2019-03-19T21:46:00.0000000Z,2019-03-19T00:04:53.0000000Z,2019-03-20T00:00:00.0000000Z,2019-03-19T00:00:00.0000000Z,467,276.20849584
157,0.03429747,0.03455782,0.03416656,0.03453117,2019-03-20T23:53:19.0000000Z,2019-03-20T00:00:40.0000000Z,2019-03-21T00:00:00.0000000Z,2019-03-20T00:00:00.0000000Z,789,927.10329906
158,0.03385078,0.03446573,0.03377796,0.03441972,2019-03-21T23:40:23.0000000Z,2019-03-21T00:11:45.0000000Z,2019-03-22T00:00:00.0000000Z,2019-03-21T00:00:00.0000000Z,1084,1333.44543668
159,0.03418996,0.0343157,0.03376251,0.03389518,2019-03-22T23:38:41.0000000Z,2019-03-22T00:17:08.0000000Z,2019-03-23T00:00:00.0000000Z,2019-03-22T00:00:00.0000000Z,434,472.25854798
160,0.03430183,0.03449576,0.03407996,0.03408999,2019-03-23T22:43:13.0000000Z,2019-03-23T00:04:03.0000000Z,2019-03-24T00:00:00.0000000Z,2019-03-23T00:00:00.0000000Z,341,336.25651626
161,0.03411239,0.03426646,0.03396165,0.03423835,2019-03-24T23:53:11.0000000Z,2019-03-24T00:46:21.0000000Z,2019-03-25T00:00:00.0000000Z,2019-03-24T00:00:00.0000000Z,273,438.13971596
162,0.0341555,0.03417601,0.0336908,0.03412523,2019-03-25T23:38:40.0000000Z,2019-03-25T00:02:58.0000000Z,2019-03-26T00:00:00.0000000Z,2019-03-25T00:00:00.0000000Z,942,484.26118988
163,0.03405936,0.03419999,0.0337442,0.03400304,2019-03-26T23:23:52.0000000Z,2019-03-26T00:02:47.0000000Z,2019-03-27T00:00:00.0000000Z,2019-03-26T00:00:00.0000000Z,443,349.272488
164,0.03447248,0.03462582,0.0340243,0.0340243,2019-03-27T23:52:55.0000000Z,2019-03-27T00:27:08.0000000Z,2019-03-28T00:00:00.0000000Z,2019-03-27T00:00:00.0000000Z,455,969.13346856
165,0.03423696,0.03447342,0.0340206,0.03446396,2019-03-28T23:43:01.0000000Z,2019-03-28T00:36:37.0000000Z,2019-03-29T00:00:00.0000000Z,2019-03-28T00:00:00.0000000Z,443,490.6531287
166,0.03487088,0.03491165,0.03405542,0.03429895,2019-03-29T23:47:24.0000000Z,2019-03-29T00:16:26.0000000Z,2019-03-30T00:00:00.0000000Z,2019-03-29T00:00:00.0000000Z,560,219.55879204
167,0.03477436,0.03530526,0.03446734,0.03488609,2019-03-30T23:43:07.0000000Z,2019-03-30T00:03:32.0000000Z,2019-03-31T00:00:00.0000000Z,2019-03-30T00:00:00.0000000Z,583,275.2131041
168,0.03447939,0.03460963,0.034168,0.03441941,2019-03-31T23:55:35.0000000Z,2019-03-31T00:44:16.0000000Z,2019-04-01T00:00:00.0000000Z,2019-03-31T00:00:00.0000000Z,413,243.01308874
169,0.03419396,0.0345634,0.03392553,0.03439983,2019-04-01T23:59:47.0000000Z,2019-04-01T00:24:32.0000000Z,2019-04-02T00:00:00.0000000Z,2019-04-01T00:00:00.0000000Z,604,534.57504172
170,0.0336758,0.03415778,0.03007354,0.03415778,2019-04-02T23:52:37.0000000Z,2019-04-02T00:04:08.0000000Z,2019-04-03T00:00:00.0000000Z,2019-04-02T00:00:00.0000000Z,2826,2012.55327622
171,0.03230087,0.03492417,0.03139925,0.03360339,2019-04-03T23:58:56.0000000Z,2019-04-03T00:11:05.0000000Z,2019-04-04T00:00:00.0000000Z,2019-04-03T00:00:00.0000000Z,1974,3480.56798618
172,0.03215326,0.03266805,0.0314973,0.03218315,2019-04-04T23:58:33.0000000Z,2019-04-04T00:09:09.0000000Z,2019-04-05T00:00:00.0000000Z,2019-04-04T00:00:00.0000000Z,885,514.06723152
173,0.03299839,0.03329241,0.03200693,0.03212786,2019-04-05T23:53:32.0000000Z,2019-04-05T00:00:58.0000000Z,2019-04-06T00:00:00.0000000Z,2019-04-05T00:00:00.0000000Z,1117,738.44684918
174,0.03293542,0.03329958,0.03218568,0.03283584,2019-04-06T23:57:11.0000000Z,2019-04-06T00:02:59.0000000Z,2019-04-07T00:00:00.0000000Z,2019-04-06T00:00:00.0000000Z,926,768.22411126
175,0.03363612,0.03401441,0.03248003,0.03287882,2019-04-07T23:54:06.0000000Z,2019-04-07T00:00:49.0000000Z,2019-04-08T00:00:00.0000000Z,2019-04-07T00:00:00.0000000Z,1522,1290.64202346
176,0.03414277,0.03520534,0.03343029,0.03366801,2019-04-08T23:55:59.0000000Z,2019-04-08T00:01:46.0000000Z,2019-04-09T00:00:00.0000000Z,2019-04-08T00:00:00.0000000Z,1439,968.1120733
177,0.03390026,0.03439303,0.03361995,0.0340297,2019-04-09T23:56:34.0000000Z,2019-04-09T00:02:47.0000000Z,2019-04-10T00:00:00.0000000Z,2019-04-09T00:00:00.0000000Z,743,537.9202531
178,0.03350322,0.03461043,0.03269551,0.03394618,2019-04-10T23:12:19.0000000Z,2019-04-10T00:10:34.0000000Z,2019-04-11T00:00:00.0000000Z,2019-04-10T00:00:00.0000000Z,539,597.13138668
179,0.03276,0.03320303,0.03221608,0.03320303,2019-04-11T23:48:50.0000000Z,2019-04-11T01:24:07.0000000Z,2019-04-12T00:00:00.0000000Z,2019-04-11T00:00:00.0000000Z,643,717.33438884
180,0.03251015,0.03287149,0.03225768,0.03267668,2019-04-12T23:34:36.0000000Z,2019-04-12T00:00:29.0000000Z,2019-04-13T00:00:00.0000000Z,2019-04-12T00:00:00.0000000Z,691,261.34352764
181,0.03229362,0.03252072,0.03205914,0.03239768,2019-04-13T23:59:19.0000000Z,2019-04-13T00:00:50.0000000Z,2019-04-14T00:00:00.0000000Z,2019-04-13T00:00:00.0000000Z,181,221.7320959
182,0.0326171,0.0326171,0.03217767,0.0322923,2019-04-14T23:03:35.0000000Z,2019-04-14T00:11:30.0000000Z,2019-04-15T00:00:00.0000000Z,2019-04-14T00:00:00.0000000Z,472,331.43679632
183,0.03193507,0.03266519,0.0311856,0.03263336,2019-04-15T23:58:34.0000000Z,2019-04-15T00:03:40.0000000Z,2019-04-16T00:00:00.0000000Z,2019-04-15T00:00:00.0000000Z,463,324.65336928
184,0.03208848,0.03242811,0.03181641,0.03194474,2019-04-16T23:29:41.0000000Z,2019-04-16T00:02:08.0000000Z,2019-04-17T00:00:00.0000000Z,2019-04-16T00:00:00.0000000Z,318,284.43993638
185,0.03183949,0.03203155,0.0316808,0.03196862,2019-04-17T23:59:24.0000000Z,2019-04-17T00:00:19.0000000Z,2019-04-18T00:00:00.0000000Z,2019-04-17T00:00:00.0000000Z,223,58.26480784
186,0.03281346,0.03323674,0.03167751,0.03181179,2019-04-18T23:41:17.0000000Z,2019-04-18T00:01:36.0000000Z,2019-04-19T00:00:00.0000000Z,2019-04-18T00:00:00.0000000Z,609,394.66350694
187,0.03282733,0.03301111,0.03250006,0.03269297,2019-04-19T23:58:20.0000000Z,2019-04-19T01:09:53.0000000Z,2019-04-20T00:00:00.0000000Z,2019-04-19T00:00:00.0000000Z,364,232.6934372
188,0.03258379,0.03311466,0.03188205,0.03288859,2019-04-20T23:41:26.0000000Z,2019-04-20T00:04:22.0000000Z,2019-04-21T00:00:00.0000000Z,2019-04-20T00:00:00.0000000Z,440,194.22845748
189,0.03215643,0.03267213,0.03187933,0.03265138,2019-04-21T23:29:50.0000000Z,2019-04-21T00:04:07.0000000Z,2019-04-22T00:00:00.0000000Z,2019-04-21T00:00:00.0000000Z,547,396.56512824
190,0.0319299,0.0323879,0.03187684,0.03213539,2019-04-22T23:33:04.0000000Z,2019-04-22T01:04:45.0000000Z,2019-04-23T00:00:00.0000000Z,2019-04-22T00:00:00.0000000Z,145,173.0307273
191,0.03087633,0.03185974,0.03079566,0.03163406,2019-04-23T23:52:34.0000000Z,2019-04-23T00:35:52.0000000Z,2019-04-24T00:00:00.0000000Z,2019-04-23T00:00:00.0000000Z,584,525.6027125
192,0.03041108,0.03085512,0.02970417,0.03084317,2019-04-24T23:43:33.0000000Z,2019-04-24T00:00:56.0000000Z,2019-04-25T00:00:00.0000000Z,2019-04-24T00:00:00.0000000Z,587,591.35340762
193,0.02981707,0.03043623,0.02936996,0.03042998,2019-04-25T23:59:51.0000000Z,2019-04-25T00:04:39.0000000Z,2019-04-26T00:00:00.0000000Z,2019-04-25T00:00:00.0000000Z,1018,462.08703444
194,0.02965437,0.02985775,0.02907818,0.02969035,2019-04-26T23:59:37.0000000Z,2019-04-26T00:00:01.0000000Z,2019-04-27T00:00:00.0000000Z,2019-04-26T00:00:00.0000000Z,1111,836.5401801
195,0.03000652,0.03034921,0.02963049,0.02965438,2019-04-27T23:40:25.0000000Z,2019-04-27T00:00:26.0000000Z,2019-04-28T00:00:00.0000000Z,2019-04-27T00:00:00.0000000Z,343,521.27452346
196,0.02984771,0.0301831,0.02975937,0.03006046,2019-04-28T23:21:30.0000000Z,2019-04-28T00:34:19.0000000Z,2019-04-29T00:00:00.0000000Z,2019-04-28T00:00:00.0000000Z,346,231.75661072
197,0.02961932,0.0299141,0.02929843,0.02972945,2019-04-29T23:58:13.0000000Z,2019-04-29T01:00:45.0000000Z,2019-04-30T00:00:00.0000000Z,2019-04-29T00:00:00.0000000Z,269,154.16978836
198,0.030417,0.030417,0.02964856,0.02964856,2019-04-30T22:25:57.0000000Z,2019-04-30T00:01:31.0000000Z,2019-05-01T00:00:00.0000000Z,2019-04-30T00:00:00.0000000Z,211,80.8011099
199,0.02981491,0.03058835,0.02957721,0.03037257,2019-05-01T23:54:05.0000000Z,2019-05-01T00:09:50.0000000Z,2019-05-02T00:00:00.0000000Z,2019-05-01T00:00:00.0000000Z,413,502.13637576
200,0.02948741,0.03002481,0.02920002,0.02974143,2019-05-02T23:12:04.0000000Z,2019-05-02T00:28:08.0000000Z,2019-05-03T00:00:00.0000000Z,2019-05-02T00:00:00.0000000Z,379,494.59910102
201,0.02921324,0.02966433,0.02827133,0.02945979,2019-05-03T22:20:24.0000000Z,2019-05-03T00:37:08.0000000Z,2019-05-04T00:00:00.0000000Z,2019-05-03T00:00:00.0000000Z,595,823.81630876
202,0.02805726,0.02920198,0.02804308,0.02917134,2019-05-04T23:26:27.0000000Z,2019-05-04T00:21:52.0000000Z,2019-05-05T00:00:00.0000000Z,2019-05-04T00:00:00.0000000Z,223,270.43908022
203,0.02822994,0.02845841,0.02789888,0.02809403,2019-05-05T23:05:53.0000000Z,2019-05-05T00:56:42.0000000Z,2019-05-06T00:00:00.0000000Z,2019-05-05T00:00:00.0000000Z,266,404.32530266
204,0.03025832,0.03070567,0.02797,0.02824753,2019-05-06T23:42:38.0000000Z,2019-05-06T00:35:10.0000000Z,2019-05-07T00:00:00.0000000Z,2019-05-06T00:00:00.0000000Z,673,1077.38792414
205,0.0289,0.03135906,0.0288827,0.03015738,2019-05-07T23:57:46.0000000Z,2019-05-07T00:01:23.0000000Z,2019-05-08T00:00:00.0000000Z,2019-05-07T00:00:00.0000000Z,518,604.55027472
206,0.02858799,0.02911479,0.02844464,0.02893553,2019-05-08T23:58:32.0000000Z,2019-05-08T00:01:25.0000000Z,2019-05-09T00:00:00.0000000Z,2019-05-08T00:00:00.0000000Z,382,447.09100192
207,0.02765348,0.0285698,0.02710506,0.02850272,2019-05-09T23:26:24.0000000Z,2019-05-09T00:03:18.0000000Z,2019-05-10T00:00:00.0000000Z,2019-05-09T00:00:00.0000000Z,1303,670.9075258
208,0.02700544,0.02809544,0.02700544,0.0277182,2019-05-10T23:48:25.0000000Z,2019-05-10T00:29:35.0000000Z,2019-05-11T00:00:00.0000000Z,2019-05-10T00:00:00.0000000Z,634,350.4583537
209,0.02669251,0.02857698,0.02557328,0.02711928,2019-05-11T23:59:34.0000000Z,2019-05-11T00:12:14.0000000Z,2019-05-12T00:00:00.0000000Z,2019-05-11T00:00:00.0000000Z,1586,1628.58879844
210,0.02698405,0.02718864,0.02621457,0.02669251,2019-05-12T23:35:37.0000000Z,2019-05-12T00:00:09.0000000Z,2019-05-13T00:00:00.0000000Z,2019-05-12T00:00:00.0000000Z,575,882.84583232
211,0.02510993,0.0272101,0.02466061,0.02700661,2019-05-13T23:58:01.0000000Z,2019-05-13T00:05:21.0000000Z,2019-05-14T00:00:00.0000000Z,2019-05-13T00:00:00.0000000Z,581,1164.98365058
212,0.02721819,0.02768345,0.02488178,0.02504348,2019-05-14T23:58:19.0000000Z,2019-05-14T00:08:15.0000000Z,2019-05-15T00:00:00.0000000Z,2019-05-14T00:00:00.0000000Z,948,1326.4080295
213,0.03035555,0.03351854,0.02699966,0.02721817,2019-05-15T23:56:18.0000000Z,2019-05-15T00:06:08.0000000Z,2019-05-16T00:00:00.0000000Z,2019-05-15T00:00:00.0000000Z,1038,1528.85143062
214,0.03355603,0.03474138,0.03069441,0.03085999,2019-05-16T23:55:11.0000000Z,2019-05-16T00:14:03.0000000Z,2019-05-17T00:00:00.0000000Z,2019-05-16T00:00:00.0000000Z,5177,2378.4212206
215,0.03315494,0.03377265,0.03164082,0.03351731,2019-05-17T23:58:52.0000000Z,2019-05-17T00:02:59.0000000Z,2019-05-18T00:00:00.0000000Z,2019-05-17T00:00:00.0000000Z,1583,1116.99584024
216,0.032267,0.03332937,0.03197198,0.03315298,2019-05-18T23:41:36.0000000Z,2019-05-18T00:01:31.0000000Z,2019-05-19T00:00:00.0000000Z,2019-05-18T00:00:00.0000000Z,499,496.24586476
217,0.03187,0.03241049,0.03158717,0.032205,2019-05-19T23:59:53.0000000Z,2019-05-19T00:40:42.0000000Z,2019-05-20T00:00:00.0000000Z,2019-05-19T00:00:00.0000000Z,261,944.5913951
218,0.03153903,0.03212618,0.0311638,0.0318535,2019-05-20T23:56:46.0000000Z,2019-05-20T00:00:17.0000000Z,2019-05-21T00:00:00.0000000Z,2019-05-20T00:00:00.0000000Z,2570,623.85108354
219,0.03214136,0.03265,0.03149002,0.03161474,2019-05-21T23:41:45.0000000Z,2019-05-21T00:00:58.0000000Z,2019-05-22T00:00:00.0000000Z,2019-05-21T00:00:00.0000000Z,466,337.22926814
220,0.03192,0.03271265,0.03137557,0.03207001,2019-05-22T23:59:03.0000000Z,2019-05-22T00:28:54.0000000Z,2019-05-23T00:00:00.0000000Z,2019-05-22T00:00:00.0000000Z,1366,444.6232567
221,0.03094321,0.03203,0.03063011,0.0319,2019-05-23T23:19:44.0000000Z,2019-05-23T00:01:45.0000000Z,2019-05-24T00:00:00.0000000Z,2019-05-23T00:00:00.0000000Z,397,233.05626452
222,0.03110728,0.03159727,0.03099872,0.0310498,2019-05-24T23:55:09.0000000Z,2019-05-24T00:06:42.0000000Z,2019-05-25T00:00:00.0000000Z,2019-05-24T00:00:00.0000000Z,180,394.57743332
223,0.03127057,0.03184941,0.03105733,0.0311855,2019-05-25T23:53:19.0000000Z,2019-05-25T00:14:31.0000000Z,2019-05-26T00:00:00.0000000Z,2019-05-25T00:00:00.0000000Z,134,103.54441178
224,0.0307321,0.03139866,0.0301467,0.03122267,2019-05-26T23:52:09.0000000Z,2019-05-26T00:24:11.0000000Z,2019-05-27T00:00:00.0000000Z,2019-05-26T00:00:00.0000000Z,256,687.18411772
225,0.03045952,0.03082383,0.0303715,0.03042089,2019-05-27T23:38:28.0000000Z,2019-05-27T00:21:17.0000000Z,2019-05-28T00:00:00.0000000Z,2019-05-27T00:00:00.0000000Z,131,165.72163394
226,0.03113744,0.03154075,0.03055413,0.03079668,2019-05-28T23:57:30.0000000Z,2019-05-28T01:05:33.0000000Z,2019-05-29T00:00:00.0000000Z,2019-05-28T00:00:00.0000000Z,539,664.7787388
227,0.03115675,0.03139077,0.03083007,0.03112871,2019-05-29T23:34:07.0000000Z,2019-05-29T00:18:34.0000000Z,2019-05-30T00:00:00.0000000Z,2019-05-29T00:00:00.0000000Z,423,266.43665544
228,0.03077477,0.033,0.02983061,0.03111293,2019-05-30T23:59:17.0000000Z,2019-05-30T00:02:09.0000000Z,2019-05-31T00:00:00.0000000Z,2019-05-30T00:00:00.0000000Z,1218,778.81337536
229,0.03133,0.03133,0.03019,0.03064097,2019-05-31T23:51:52.0000000Z,2019-05-31T00:00:42.0000000Z,2019-06-01T00:00:00.0000000Z,2019-05-31T00:00:00.0000000Z,1935,439.1111206
230,0.03086,0.03198,0.0308224,0.03133,2019-06-01T23:43:09.0000000Z,2019-06-01T00:01:28.0000000Z,2019-06-02T00:00:00.0000000Z,2019-06-01T00:00:00.0000000Z,2198,819.61719894
231,0.03093,0.03132371,0.03064144,0.03098,2019-06-02T23:23:48.0000000Z,2019-06-02T00:02:59.0000000Z,2019-06-03T00:00:00.0000000Z,2019-06-02T00:00:00.0000000Z,3378,932.52126888
232,0.03084166,0.0311,0.03033,0.03086166,2019-06-03T23:59:31.0000000Z,2019-06-03T00:10:31.0000000Z,2019-06-04T00:00:00.0000000Z,2019-06-03T00:00:00.0000000Z,2959,1462.13633514
233,0.0313805,0.03169998,0.03069,0.03081,2019-06-04T23:57:39.0000000Z,2019-06-04T00:00:53.0000000Z,2019-06-05T00:00:00.0000000Z,2019-06-04T00:00:00.0000000Z,2864,1322.84972852
234,0.03157,0.031658,0.0308686,0.03146221,2019-06-05T23:59:34.0000000Z,2019-06-05T00:01:06.0000000Z,2019-06-06T00:00:00.0000000Z,2019-06-05T00:00:00.0000000Z,1979,6909.2154434
235,0.03192,0.03193,0.03106169,0.03157,2019-06-06T23:58:10.0000000Z,2019-06-06T00:03:14.0000000Z,2019-06-07T00:00:00.0000000Z,2019-06-06T00:00:00.0000000Z,1364,4019.78117962
236,0.03113,0.032,0.03100006,0.03193,2019-06-07T23:16:04.0000000Z,2019-06-07T00:01:02.0000000Z,2019-06-08T00:00:00.0000000Z,2019-06-07T00:00:00.0000000Z,1941,336.64902672
237,0.03069712,0.03127,0.03069165,0.03113,2019-06-08T23:51:49.0000000Z,2019-06-08T00:40:03.0000000Z,2019-06-09T00:00:00.0000000Z,2019-06-08T00:00:00.0000000Z,696,127.57325738
238,0.03023,0.03089,0.02972705,0.03069712,2019-06-09T23:50:53.0000000Z,2019-06-09T00:00:19.0000000Z,2019-06-10T00:00:00.0000000Z,2019-06-09T00:00:00.0000000Z,1164,358.8287287
239,0.03085999,0.03098,0.03023,0.03023,2019-06-10T23:28:45.0000000Z,2019-06-10T00:38:51.0000000Z,2019-06-11T00:00:00.0000000Z,2019-06-10T00:00:00.0000000Z,915,562.87220416
240,0.03089216,0.03123482,0.03044947,0.0308085,2019-06-11T23:51:44.0000000Z,2019-06-11T00:00:13.0000000Z,2019-06-12T00:00:00.0000000Z,2019-06-11T00:00:00.0000000Z,427,575.43023046
241,0.03206957,0.03206957,0.03083001,0.03103229,2019-06-12T23:52:14.0000000Z,2019-06-12T00:03:33.0000000Z,2019-06-13T00:00:00.0000000Z,2019-06-12T00:00:00.0000000Z,426,672.55096284
242,0.03090044,0.03225622,0.03080001,0.03206959,2019-06-13T23:57:21.0000000Z,2019-06-13T00:01:27.0000000Z,2019-06-14T00:00:00.0000000Z,2019-06-13T00:00:00.0000000Z,902,715.51636346
243,0.03038,0.03125857,0.03028,0.03103796,2019-06-14T23:59:17.0000000Z,2019-06-14T00:00:06.0000000Z,2019-06-15T00:00:00.0000000Z,2019-06-14T00:00:00.0000000Z,1413,674.26684986
244,0.03047482,0.03083,0.03024,0.03041,2019-06-15T23:39:24.0000000Z,2019-06-15T00:09:08.0000000Z,2019-06-16T00:00:00.0000000Z,2019-06-15T00:00:00.0000000Z,1180,417.19909816
