,data_end,data_orderbook_end,data_orderbook_start,data_quote_end,data_quote_start,data_start,data_symbols_count,data_trade_count,data_trade_end,data_trade_start,exchange_id,name,website
0,2018-03-09,2018-03-09T00:00:00.0000000Z,2015-02-15T12:53:50.3430000Z,2018-03-09T00:00:00.0000000Z,2015-02-15T12:53:50.3430000Z,2013-06-12,2,2085401174.0,2017-11-01T00:00:00.0000000Z,2013-06-12T14:24:24.0000000Z,OKCOIN_CNY,OKCoin CNY,https://www.okcoin.cn/
1,2019-05-22,2019-05-22T05:10:50.3121108Z,2015-03-29T21:46:06.2630000Z,2019-05-22T05:10:57.2088028Z,2015-03-29T21:46:06.2630000Z,2015-03-29,402,538686774.0,2019-05-21T01:01:13.7550000Z,2015-03-29T21:46:08.7030000Z,HUOBI,Huobi (HBUS),https://www.huobi.com/
2,2019-05-22,2019-05-22T08:27:11.7009983Z,2017-12-18T21:50:58.3910192Z,2019-05-22T11:48:33.7568768Z,2017-12-18T21:50:58.3910192Z,2017-07-14,517,460919764.0,2019-05-22T13:03:45.3220000Z,2017-07-14T04:00:00.3760000Z,BINANCE,Binance,https://www.binance.com/
3,2019-05-22,2019-05-22T08:25:16.1302961Z,2017-03-14T20:03:47.4782440Z,2019-05-22T11:48:42.0807148Z,2017-03-14T20:03:47.4782440Z,2017-01-26,485,304302299.0,2019-05-22T13:02:53.6200000Z,2017-01-26T19:48:55.0000000Z,BITTREX,Bittrex,https://bittrex.com/
4,2019-05-22,2019-05-22T08:24:08.9649032Z,2016-06-12T11:53:38.1523879Z,2019-05-22T11:48:17.0512513Z,2016-06-12T11:53:38.1523879Z,2016-05-29,228,247104988.0,2019-05-22T13:00:54.0000000Z,2016-05-29T15:05:08.0000000Z,POLONIEX,POLONIEX,https://poloniex.com/
5,2019-05-22,2019-05-22T08:26:54.0485533Z,2014-02-24T17:43:05.0000000Z,2019-05-22T11:48:27.3557588Z,2014-02-24T17:43:05.0000000Z,2013-01-14,370,206861098.0,2019-05-22T13:03:30.0000000Z,2013-01-14T16:47:23.0000000Z,BITFINEX,Bitfinex,https://www.bitfinex.com/
6,2019-05-22,2019-05-22T08:26:22.8966957Z,2014-07-31T13:05:46.0000000Z,2019-05-22T11:48:20.0983595Z,2014-07-31T13:05:46.0000000Z,2013-10-22,111,136336328.0,2019-05-22T13:03:33.8820000Z,2013-10-22T23:09:46.8630000Z,KRAKEN,Kraken,https://www.kraken.com/
7,2019-05-22,2019-05-22T08:25:58.0238395Z,2015-05-17T00:51:32.6370000Z,2019-05-22T11:46:42.6917593Z,2015-05-17T00:51:32.6370000Z,2015-01-14,48,135908411.0,2019-05-22T13:03:18.6360000Z,2015-01-14T16:07:05.0000000Z,COINBASE,Coinbase Pro (GDAX),https://pro.coinbase.com/
8,2019-05-22,2019-05-22T08:26:34.3785684Z,2018-01-24T00:22:17.2456560Z,2019-05-22T11:48:20.3340505Z,2018-01-24T00:22:17.2456560Z,2018-01-22,466,126671326.0,2019-05-22T13:02:21.7100000Z,2018-01-22T12:55:12.5650000Z,HUOBIPRO,Huobi Global,https://www.hbg.com/
9,2019-05-22,2019-05-22T08:26:47.4826954Z,2017-03-18T22:53:44.4091161Z,2019-05-22T11:48:33.2380848Z,2017-03-18T22:53:44.4091161Z,2013-12-27,1171,120187742.0,2019-05-22T13:03:41.0000000Z,2013-12-27T08:23:37.0000000Z,HITBTC,HitBTC,https://hitbtc.com/
10,2019-02-06,2019-02-06T00:00:00.0000000Z,2015-03-29T04:20:18.0000000Z,2019-02-06T00:00:00.0000000Z,2015-03-29T04:20:18.0000000Z,2011-06-13,3,118500419.0,2018-03-09T00:00:00.0000000Z,2011-06-13T05:13:24.0000000Z,BTCCHINA,BTCCHINA,https://www.btcchina.com/
11,2019-05-22,2019-05-22T08:25:59.3983890Z,2017-11-29T01:10:28.2891461Z,2019-05-22T11:45:59.8965035Z,2017-11-29T01:10:28.2891461Z,2017-11-28,76,111405003.0,2019-05-22T12:52:03.0000000Z,2017-11-28T03:22:58.0000000Z,BITFLYER,bitFlyer,https://bitflyer.jp/
12,2019-05-22,2019-05-22T08:25:36.2979104Z,2017-09-21T13:50:30.0371289Z,2019-05-22T11:48:38.6635372Z,2017-09-21T13:50:30.0371289Z,2017-09-21,94,92086151.0,2019-05-22T13:03:08.0000000Z,2017-09-21T13:43:23.0000000Z,BITHUMB,BITHUMB,https://www.bithumb.com/
13,2019-05-22,2019-05-22T08:24:25.1584527Z,2017-09-21T13:36:45.5891048Z,2019-05-22T11:45:23.1352353Z,2017-09-21T13:36:45.5891048Z,2017-09-20,9,63129447.0,2019-05-22T11:39:56.0000000Z,2017-09-20T13:37:21.0000000Z,COINONE,coinone,https://coinone.co.kr/
14,2019-05-22,2019-05-22T08:25:47.9979955Z,2017-12-18T21:01:51.6121385Z,2019-05-22T11:48:13.9527972Z,2017-12-18T21:01:51.6121385Z,2017-12-01,1063,53093223.0,2019-05-22T12:55:17.9556849Z,2017-12-01T15:26:32.0000000Z,OKEX,OKEx,https://www.okex.com/
15,2019-05-22,2019-05-22T08:23:44.2269015Z,2014-02-24T17:43:05.0000000Z,2019-05-22T11:48:35.4183894Z,2014-02-24T17:43:05.0000000Z,2011-09-13,15,51653022.0,2019-05-22T13:02:47.0000000Z,2011-09-13T13:53:36.0000000Z,BITSTAMP,Bitstamp Ltd.,https://www.bitstamp.net/
16,2019-05-22,2019-05-22T08:14:17.8273117Z,2015-02-15T12:53:46.6330000Z,2019-05-22T10:55:36.4467478Z,2015-02-15T12:53:46.6330000Z,2015-02-14,5,20120699.0,2019-05-22T11:42:39.0000000Z,2015-02-14T16:15:05.5900000Z,OKCOIN_USD,OKCoin USD,https://www.okcoin.com/
17,2019-02-06,2019-02-06T00:00:00.0000000Z,2015-05-17T14:57:14.3470000Z,2019-02-06T00:00:00.0000000Z,2015-05-17T14:57:14.3470000Z,2015-05-17,6,19595199.0,2018-03-09T00:00:00.0000000Z,2015-05-17T15:04:12.0000000Z,BTCTRADE,BTCTRADE,https://www.btctrade.com/
18,2019-05-22,2019-05-22T08:26:38.7574856Z,2017-12-28T21:49:04.6063124Z,2019-05-22T11:48:39.4883496Z,2017-12-28T21:49:04.6063124Z,2017-12-28,446,11908398.0,2019-05-22T13:02:49.0000000Z,2017-12-28T17:33:30.0000000Z,GATEIO,Gate.io,https://gate.io/
19,2019-05-22,2019-05-22T08:01:54.3165037Z,2014-11-22T16:58:47.8820780Z,2019-05-22T10:49:53.2161947Z,2014-11-22T16:58:47.8820780Z,2014-11-22,196,11274964.0,2019-05-22T13:02:00.0000000Z,2014-11-22T17:51:38.9484710Z,BITMEX,BitMEX,https://www.bitmex.com/
20,2019-05-22,2019-05-22T08:24:53.7770000Z,2017-03-18T22:53:42.0948480Z,2019-05-22T11:47:49.8540000Z,2017-03-18T22:53:42.0948480Z,2015-10-08,15,9795377.0,2019-05-22T13:03:28.9360000Z,2015-10-08T13:40:07.8010000Z,GEMINI,Gemini,https://gemini.com/
21,2019-05-22,2019-05-22T08:26:33.2338703Z,2018-01-24T00:22:08.7776711Z,2019-05-22T11:48:24.8360480Z,2018-01-24T00:22:08.7776711Z,2018-01-24,552,8824606.0,2019-05-22T13:03:36.8400000Z,2018-01-24T15:12:15.0000000Z,KUCOIN,Kucoin,https://kucoin.com/
22,2019-05-22,2019-05-22T08:26:01.4069644Z,2017-08-29T15:53:54.7372595Z,2019-05-22T11:47:31.3614011Z,2017-08-29T15:53:54.7372595Z,2017-05-22,374,6119590.0,2019-05-22T13:00:37.0000000Z,2017-05-22T18:21:41.0000000Z,QUOINE,Liquid (QUOINEX & QRYPTOS),https://www.liquid.com/
23,2019-05-22,2019-05-22T08:05:35.7502439Z,2015-05-26T18:24:28.9330000Z,2019-05-22T10:55:34.6906007Z,2015-05-26T18:24:28.9330000Z,2013-08-25,6,2858355.0,2019-05-22T06:24:36.1530000Z,2013-08-25T00:21:44.0000000Z,ITBIT,itBit,https://www.itbit.com/
24,2019-05-22,2019-05-22T08:26:05.8409126Z,2017-03-14T20:03:36.9946659Z,2019-05-22T11:48:37.2593006Z,2017-03-14T20:03:36.9946659Z,2016-12-02,3946,2517397.0,2019-05-22T12:54:20.5960000Z,2016-12-02T05:15:13.4340000Z,DERIBIT,Deribit,https://www.deribit.com/
25,2019-05-22,2019-05-22T08:26:48.1399347Z,2017-08-29T15:47:11.6744609Z,2019-05-22T11:48:33.2380848Z,2017-08-29T15:47:11.6744609Z,2014-03-29,112,2249.0,2019-05-06T00:00:00.0000000Z,2014-03-29T12:36:43.0000000Z,BITBAY,BitBay,https://www.bitbay.net/
26,2019-05-22,2019-05-22T08:22:34.5391363Z,2018-11-27T00:44:52.1671444Z,2019-05-22T11:41:18.3206475Z,2018-11-27T00:44:52.1671444Z,2018-11-20,258,,2019-05-22T11:44:02.5910000Z,2018-11-20T18:52:30.0000000Z,BIBOX,Bibox,https://www.bibox.com/
27,2019-05-22,2019-05-22T08:06:46.9120000Z,2018-08-20T23:03:42.8653704Z,2019-05-22T11:37:38.6810000Z,2018-08-20T23:03:42.8653704Z,2018-08-20,352,,2019-05-19T16:29:38.0000000Z,2018-08-20T00:00:58.5670000Z,UPBIT,UPbit Korea,https://upbit.com/
28,2019-05-14,2019-05-14T04:39:08.6918942Z,2017-03-14T20:03:49.1491232Z,2019-05-14T04:39:36.3417482Z,2017-03-14T20:03:49.1491232Z,2014-12-07,4658,69643970.0,2019-05-14T00:00:00.0000000Z,2014-12-07T20:04:05.0000000Z,CRYPTOPIA,Cryptopia,https://www.cryptopia.co.nz/
29,2019-05-22,2019-05-22T08:15:51.0033291Z,2017-03-14T20:03:20.5307029Z,2019-05-22T11:48:39.8979866Z,2017-03-14T20:03:20.5307029Z,2017-03-14,1,59142974.0,2017-12-18T00:00:00.0000000Z,2017-03-14T20:04:46.0000000Z,COINCHECK,coincheck,https://coincheck.com/
30,2019-03-19,2019-03-19T00:00:00.0000000Z,2017-09-21T13:45:51.3610312Z,2019-03-19T00:00:00.0000000Z,2017-09-21T13:45:51.3610312Z,2016-09-08,488,53558016.0,2019-01-27T00:00:00.0000000Z,2016-09-08T12:23:19.0000000Z,LIQUI,Liqui,https://liqui.io/
31,2019-05-22,2019-05-22T08:26:42.3544116Z,2017-03-14T20:04:15.0007802Z,2019-05-22T11:48:25.8017362Z,2017-03-14T20:04:15.0007802Z,2016-02-17,145,43956873.0,2019-05-22T12:59:48.0000000Z,2016-02-17T16:38:11.0000000Z,EXMO,EXMO,https://exmo.com/
32,2019-02-06,2019-02-06T00:00:00.0000000Z,2015-05-19T14:31:56.5100000Z,2019-02-06T00:00:00.0000000Z,2015-05-19T14:31:56.5100000Z,2015-05-18,12,38044915.0,2019-02-06T00:00:00.0000000Z,2015-05-18T00:17:33.0000000Z,CHBTC,CHBTC,https://www.chbtc.com/
33,2019-04-15,2019-04-15T00:00:00.0000000Z,2017-03-18T22:53:36.0065489Z,2019-04-15T00:00:00.0000000Z,2017-03-18T22:53:36.0065489Z,2014-12-31,41,17862130.0,2017-09-07T00:00:00.0000000Z,2014-12-31T12:12:00.0000000Z,JUBI,Jubi,https://www.jubi.com/
34,2019-05-22,2019-05-22T08:15:11.1335138Z,2017-12-28T21:48:26.7161574Z,2019-05-22T10:48:59.5280722Z,2017-12-28T21:48:26.7161574Z,2017-11-08,30,17254810.0,2019-05-22T11:37:02.0000000Z,2017-11-08T10:35:32.0000000Z,ZAIF,Zaif,https://zaif.jp/
35,2019-05-22,2019-05-22T07:42:56.3385472Z,2017-03-18T22:53:39.4192811Z,2019-05-22T09:17:49.2754275Z,2017-03-18T22:53:39.4192811Z,2013-09-03,4,14253548.0,2019-05-22T09:26:52.5220000Z,2013-09-03T06:31:37.0000000Z,KORBIT,Korbit,https://www.korbit.co.kr/
36,2018-01-09,2018-01-09T00:00:00.0000000Z,2017-03-18T22:53:45.3558927Z,2018-01-09T00:00:00.0000000Z,2017-03-18T22:53:45.3558927Z,2017-03-16,53,11016890.0,2017-10-31T00:00:00.0000000Z,2017-03-16T13:30:42.0000000Z,BTC38,BTC38,http://www.btc38.com
37,2014-02-25,,,,,2010-07-17,15,10050212.0,2014-02-25T00:00:00.0000000Z,2010-07-17T23:09:17.0000000Z,MTGOX,mtgox,https://www.mtgox.com/
38,2019-05-22,2019-05-22T08:22:36.4825490Z,2017-03-18T22:53:40.7300076Z,2019-05-22T10:52:38.1623533Z,2017-03-18T22:53:40.7300076Z,2014-03-01,10,8318865.0,2019-05-22T11:34:31.0000000Z,2014-03-01T12:01:39.0000000Z,LAKEBTC,LakeBTC,https://www.lakebtc.com/
39,2019-05-22,2019-05-22T08:26:47.2241274Z,2017-03-14T20:04:25.7449674Z,2019-05-22T11:48:22.0724787Z,2017-03-14T20:04:25.7449674Z,2017-02-16,390,7816990.0,2019-05-22T13:00:42.0000000Z,2017-02-16T20:09:59.0000000Z,BLEUTRADE,Bleutrade,https://bleutrade.com
40,2019-05-22,2019-05-22T08:26:20.7697737Z,2018-01-05T15:56:05.6259966Z,2019-05-22T11:47:50.6043917Z,2018-01-05T15:56:05.6259966Z,2018-01-05,21,6306826.0,2019-05-22T13:02:58.0000000Z,2018-01-05T15:51:29.0000000Z,BITCOINID,Indodax,https://indodax.com/
41,2019-05-22,2019-05-22T08:26:29.6719318Z,2017-12-28T21:49:03.2916366Z,2019-05-22T11:48:11.9801048Z,2017-12-28T21:49:03.2916366Z,2017-02-10,347,5591626.0,2019-05-22T11:38:15.0000000Z,2017-02-10T20:18:18.0000000Z,TIDEX,Tidex,https://tidex.com/
42,2019-05-22,2019-05-22T08:26:13.4549015Z,2017-09-21T13:50:21.9301963Z,2019-05-22T11:42:59.2136422Z,2017-09-21T13:50:21.9301963Z,2017-09-13,27,5009113.0,2019-05-22T13:57:15.0000000Z,2017-09-13T10:58:32.0000000Z,ACX,ACX,https://acx.io/
43,2019-05-22,2019-05-22T07:55:59.0828488Z,2017-08-29T15:47:12.6045423Z,2019-05-22T11:47:52.3422209Z,2017-08-29T15:47:12.6045423Z,2017-08-29,17,4424601.0,2019-05-22T13:02:15.0000000Z,2017-08-29T03:39:38.0000000Z,BITSO,Bitso,https://bitso.com/
44,2019-05-22,2019-05-22T08:02:08.8259399Z,2017-12-28T21:41:59.3272652Z,2019-05-22T11:48:37.8072956Z,2017-12-28T21:41:59.3272652Z,2017-12-28,913,4170103.0,2019-05-22T13:03:06.0000000Z,2017-12-28T20:44:07.0000000Z,LIVECOIN,LiveCoin,https://www.livecoin.net/
45,2018-06-22,2018-06-22T00:00:00.0000000Z,2018-01-24T00:21:38.5122245Z,2018-06-22T00:00:00.0000000Z,2018-01-24T00:21:38.5122245Z,2018-01-19,6,3917307.0,2018-06-22T00:00:00.0000000Z,2018-01-19T02:29:23.0000000Z,MIXCOINS,MixCoins,https://mixcoins.com/
46,2019-05-22,2019-05-22T08:19:39.4569059Z,2017-03-14T20:04:16.0302851Z,2019-05-22T11:42:45.9199789Z,2017-03-14T20:04:16.0302851Z,2011-04-27,12,3265482.0,2019-05-22T11:17:53.0000000Z,2011-04-27T16:05:09.0000000Z,VIRWOX,BirWoX,https://www.virwox.com/
47,2018-03-10,2018-03-09T00:00:00.0000000Z,2017-01-08T23:59:43.3338614Z,2018-03-09T00:00:00.0000000Z,2017-01-08T23:59:43.3338614Z,2017-01-08,208,3204349.0,2018-03-10T00:00:00.0000000Z,2017-01-09T00:21:54.0000000Z,BTER,Bter,https://bter.com/
48,2019-05-22,2019-05-18T23:59:39.9558157Z,2017-03-14T20:05:05.6101304Z,2019-05-22T10:51:21.1435363Z,2017-03-14T20:05:05.6101304Z,2017-03-07,4,2968942.0,2019-05-22T11:26:36.0000000Z,2017-03-07T18:04:01.0000000Z,MERCADOBITCOIN,Mercado Bitcoin,https://www.mercadobitcoin.com.br/
49,2019-05-22,2019-05-21T08:55:37.1221920Z,2017-12-18T21:44:18.7514464Z,2019-05-22T10:24:02.6299463Z,2017-12-18T21:44:18.7514464Z,2017-12-17,22,2924753.0,2019-04-30T00:00:00.0000000Z,2017-12-17T09:56:31.0000000Z,COINNEST,Coinnest,https://www.coinnest.co.kr/
50,2019-05-22,2019-05-22T08:26:44.9317622Z,2018-01-24T00:21:46.8349102Z,2019-05-22T11:48:37.4654568Z,2018-01-24T00:21:46.8349102Z,2018-01-15,36,2880253.0,2019-05-22T13:00:21.0000000Z,2018-01-15T19:18:49.0000000Z,CEXIO,CEX.IO,https://cex.io/
51,2019-05-22,2019-05-22T08:09:08.6783430Z,2017-03-14T20:05:17.8425642Z,2019-05-22T10:55:46.9800925Z,2017-03-14T20:05:17.8425642Z,2011-11-09,28,2665173.0,2019-05-22T11:38:33.0000000Z,2011-11-09T14:33:28.0000000Z,THEROCKTRADING,The Rock Trading LTD.,https://www.therocktrading.com/
52,2019-05-22,2019-05-22T08:16:31.0658908Z,2017-03-14T20:03:12.2346102Z,2019-05-22T11:40:30.6195232Z,2017-03-14T20:03:12.2346102Z,2014-02-11,1424,2502086.0,2019-05-21T18:50:22.0000000Z,2014-02-11T19:40:58.0000000Z,CCEX,c-cex,https://c-cex.com/
53,2019-02-06,2019-02-06T00:00:00.0000000Z,2015-05-18T00:48:48.4730000Z,2019-02-06T00:00:00.0000000Z,2015-05-18T00:48:48.4730000Z,2015-05-18,2,2055408.0,2019-02-06T00:00:00.0000000Z,2015-05-18T00:48:55.0000000Z,BITYES,BitYes,https://www.bityes.com/
54,2019-01-28,2019-01-28T00:00:00.0000000Z,2017-03-14T20:05:08.1246185Z,2019-01-28T00:00:00.0000000Z,2017-03-14T20:05:08.1246185Z,2017-03-14,11,1990528.0,2019-01-28T00:00:00.0000000Z,2017-03-14T20:10:31.0000000Z,QUADRIGACX,QuadrigaCX,https://www.quadrigacx.com/
55,2019-05-22,2019-05-22T08:25:02.6116099Z,2017-08-29T15:47:10.0528025Z,2019-05-22T11:38:28.3696816Z,2017-08-29T15:47:10.0528025Z,2011-04-05,4,1933936.0,2019-05-22T12:52:32.0000000Z,2011-04-05T18:49:48.0000000Z,BITMARKET,BitMarket,https://www.bitmarket.pl
56,2019-05-22,2019-05-22T08:19:42.0877330Z,2017-12-28T21:44:47.2651267Z,2019-05-22T11:48:10.2174536Z,2017-12-28T21:44:47.2651267Z,2017-12-28,4,1815744.0,2019-05-22T12:51:45.1170000Z,2017-12-28T14:19:44.8820000Z,LUNO,Luno,https://www.luno.com
57,2019-05-22,2019-05-22T08:25:54.2566283Z,2017-12-28T21:38:26.3015015Z,2019-05-22T11:45:09.8999777Z,2017-12-28T21:38:26.3015015Z,2017-12-25,11,1725574.0,2019-05-22T13:01:36.0000000Z,2017-12-25T10:18:54.0000000Z,BTCMARKETS,BTC Markets Pty Ltd.,https://www.btcmarkets.net/
58,2019-05-22,2019-05-22T08:10:26.7993207Z,2017-03-14T20:05:23.8488070Z,2019-05-22T10:40:36.1329172Z,2017-03-14T20:05:23.8488070Z,2017-03-14,1,1442210.0,2019-05-22T11:33:46.0000000Z,2017-03-14T20:07:49.0000000Z,VAULTORO,Vaultoro,https://www.vaultoro.com/
59,2019-05-22,2019-05-22T07:10:04.1400000Z,2018-01-24T00:21:41.0728293Z,2019-05-22T07:10:24.5335541Z,2018-01-24T00:21:41.0728293Z,2018-01-24,4,1341300.0,2019-05-22T07:01:54.0000000Z,2018-01-24T23:24:33.0000000Z,BTCBOX,BtcBox,https://www.btcbox.co.jp/
60,2019-03-13,2019-03-13T00:00:00.0000000Z,2017-03-14T20:04:17.4937751Z,2019-03-13T00:00:00.0000000Z,2017-03-14T20:04:17.4937751Z,2017-03-14,10,1322369.0,2019-03-13T00:00:00.0000000Z,2017-03-14T22:00:23.0000000Z,GATECOIN,Gatecoin,https://gatecoin.com/
61,2019-02-25,2019-02-25T00:00:00.0000000Z,2018-01-24T00:25:52.2092047Z,2019-02-25T00:00:00.0000000Z,2018-01-24T00:25:52.2092047Z,2018-01-24,3,1130829.0,2019-02-25T00:00:00.0000000Z,2018-01-24T23:35:14.0000000Z,GETBTC,GetBTC,https://getbtc.org/
62,2018-04-19,2018-04-19T00:00:00.0000000Z,2018-01-24T00:42:37.0818542Z,2018-04-19T00:00:00.0000000Z,2018-01-24T00:42:37.0818542Z,2017-06-19,72,1068040.0,2018-04-19T00:00:00.0000000Z,2017-06-19T05:31:08.2600000Z,ALLCOIN,Allcoin,https://www.allcoin.com/
63,2019-05-22,2019-05-16T20:10:01.4223766Z,2017-03-14T20:04:13.3389084Z,2019-05-22T10:47:39.0219925Z,2017-03-14T20:04:13.3389084Z,2017-03-14,11,784940.0,2019-05-22T09:41:31.2390000Z,2017-03-14T20:04:43.2020000Z,COINMATE,Coin Mate,https://coinmate.io/
64,2019-05-22,2019-05-16T15:49:21.7287816Z,2017-12-24T13:03:38.2179565Z,2019-05-22T11:40:55.1191544Z,2017-12-24T13:03:38.2179565Z,2017-06-17,4,652089.0,2019-05-22T11:45:27.0000000Z,2017-06-17T19:38:52.0000000Z,BTCTURK,BTCTurk,https://www.btcturk.com/
65,2019-05-22,2019-05-22T08:24:03.6654618Z,2017-09-21T13:39:33.4870179Z,2019-05-22T11:48:25.9080852Z,2017-09-21T13:39:33.4870179Z,2017-09-16,30,643603.0,2019-05-22T13:00:01.0000000Z,2017-09-16T00:53:48.0000000Z,INDEPENDENTRESERVE,Independent Reserve,https://www.independentreserve.com/
66,2019-05-22,2019-05-22T08:22:17.6685010Z,2017-09-21T13:36:24.9479094Z,2019-05-22T10:50:23.9422924Z,2017-09-21T13:36:24.9479094Z,2017-09-19,4,539189.0,2019-05-22T08:03:58.0000000Z,2017-09-19T11:20:44.0000000Z,COINFLOOR,coinfloor,https://www.coinfloor.co.uk/
67,2019-05-22,2019-05-22T08:26:41.5406141Z,2017-08-29T15:50:33.5497414Z,2019-05-22T11:48:12.4979036Z,2017-08-29T15:50:33.5497414Z,2017-06-07,48,514962.0,2019-05-22T13:01:46.0000000Z,2017-06-07T04:46:35.0000000Z,DSX,DSX,https://dsx.uk
68,2019-04-17,2019-04-17T00:00:00.0000000Z,2017-12-28T21:34:28.8285993Z,2019-04-17T00:00:00.0000000Z,2017-12-28T21:34:28.8285993Z,2017-12-27,66,470161.0,2018-05-30T00:00:00.0000000Z,2017-12-27T12:49:47.0000000Z,ABUCOINS,Abucoins,https://abucoins.com/
69,2019-05-22,2019-05-22T08:26:56.8040000Z,2018-01-24T00:21:32.6002443Z,2019-05-22T11:44:17.4126769Z,2018-01-24T00:21:32.6002443Z,2017-11-16,437,461128.0,2019-05-22T12:54:07.0000000Z,2017-11-16T09:22:21.0000000Z,SOUTHXCHANGE,SouthXchange,https://www.southxchange.com/
70,2019-05-22,2019-05-22T08:25:03.5190438Z,2018-01-24T00:21:29.5498424Z,2019-05-22T11:48:16.6500000Z,2018-01-24T00:21:29.5498424Z,2018-01-24,17,296644.0,2019-05-22T13:03:06.0000000Z,2018-01-24T18:46:55.0000000Z,BTCTRADEUA,BTC Trade UA,https://btc-trade.com.ua/
71,2019-05-22,2019-05-22T08:21:21.2489639Z,2017-12-19T00:37:58.6744791Z,2019-05-22T11:44:48.7134839Z,2017-12-19T00:37:58.6744791Z,2017-11-23,193,241904.0,2019-04-15T00:00:00.0000000Z,2017-11-23T16:42:29.0000000Z,CRYPTOFACILITIES,Crypto Facilities Ltd,https://www.cryptofacilities.com/
72,2017-10-13,2017-10-13T00:00:00.0000000Z,2017-03-14T20:03:53.7061506Z,2017-10-13T00:00:00.0000000Z,2017-03-14T20:03:53.7061506Z,2016-03-27,2,204837.0,2017-10-13T00:00:00.0000000Z,2016-03-27T23:17:37.0000000Z,BTCX,bt.cx,https://bt.cx/en/
73,2017-09-05,2017-09-05T00:00:00.0000000Z,2017-03-18T22:53:36.3146226Z,2017-09-05T00:00:00.0000000Z,2017-03-18T22:53:36.3146226Z,2017-03-16,2,203767.0,2017-09-04T00:00:00.0000000Z,2017-03-16T21:20:22.0000000Z,BITVC,BitVC.com,https://www.bitvc.com/
74,2019-05-22,2019-05-22T08:20:59.2952017Z,2018-01-24T00:21:49.7672137Z,2019-05-22T11:43:08.6170371Z,2018-01-24T00:21:49.7672137Z,2017-12-30,32,177165.0,2019-05-22T12:27:35.0000000Z,2017-12-30T06:24:58.0000000Z,KUNA,Kuna,https://kuna.io/
75,2019-05-22,2019-05-22T08:26:52.6000000Z,2018-01-24T00:21:43.7267644Z,2019-05-22T11:44:54.7670000Z,2018-01-24T00:21:43.7267644Z,2017-12-16,103,107234.0,2019-05-22T13:01:36.5500000Z,2017-12-16T15:03:35.6420000Z,BRAZILIEX,Braziliex,https://braziliex.com/
76,2019-05-22,2019-05-22T08:15:10.1791739Z,2017-03-14T20:05:15.5379982Z,2019-05-22T10:48:58.9478889Z,2017-03-14T20:05:15.5379982Z,2017-03-11,1,101317.0,2019-05-21T19:31:43.0000000Z,2017-03-11T00:14:42.0000000Z,PAYMIUM,Paymium,https://www.paymium.com
77,2019-05-22,2019-05-22T08:24:02.9540000Z,2018-01-24T00:42:50.1443495Z,2019-05-22T11:36:14.3069785Z,2018-01-24T00:42:50.1443495Z,2013-03-15,4,95831.0,2019-05-22T12:55:17.0000000Z,2013-03-15T12:48:43.0000000Z,BIT2C,Bit2C,https://www.bit2c.co.il/
78,2019-05-22,2019-05-22T08:17:41.5690000Z,2018-01-24T00:21:35.8644461Z,2019-05-22T08:55:14.6920000Z,2018-01-24T00:21:35.8644461Z,2013-01-07,2,93930.0,2018-06-28T00:00:00.0000000Z,2013-01-07T06:17:04.0000000Z,FYBSG,FYB-SG,https://www.fybsg.com/
79,2018-03-09,2018-03-09T00:00:00.0000000Z,2017-03-14T20:04:56.4842821Z,2018-03-09T00:00:00.0000000Z,2017-03-14T20:04:56.4842821Z,2013-09-28,23,82159.0,2018-03-09T00:00:00.0000000Z,2013-09-28T22:40:50.0000000Z,YUNBI,YUNBI,https://yunbi.com/
80,2019-05-22,2019-05-22T08:22:07.3985539Z,2017-08-29T15:47:11.5174742Z,2019-05-22T11:41:19.8259568Z,2017-08-29T15:47:11.5174742Z,2017-08-26,2,57871.0,2019-05-22T11:07:44.0000000Z,2017-08-26T12:22:43.0000000Z,BITKONAN,BitKonan,https://bitkonan.com/
81,2019-05-22,2019-05-22T08:16:35.4009027Z,2018-01-24T00:21:52.7701638Z,2019-05-22T10:32:08.7810000Z,2018-01-24T00:21:52.7701638Z,2013-07-15,1,21655.0,2018-02-26T00:00:00.0000000Z,2013-07-15T20:40:11.0000000Z,FYBSE,FYB-SE,https://www.fybse.se/
82,2018-06-19,2018-06-19T00:00:00.0000000Z,2017-09-21T13:35:08.7798904Z,2018-06-19T00:00:00.0000000Z,2017-09-21T13:35:08.7798904Z,2017-09-20,1,18792.0,2018-06-11T00:00:00.0000000Z,2017-09-20T12:51:00.5840000Z,BTCC,BTCC,https://www.btcc.com/
83,2019-05-22,2019-05-22T07:53:13.6372729Z,2018-01-24T00:21:48.4137019Z,2019-05-22T09:09:10.8536952Z,2018-01-24T00:21:48.4137019Z,2017-09-10,28,17988.0,2019-05-20T14:59:39.0000000Z,2017-09-10T07:59:21.0000000Z,COINGI,Coingi,https://coingi.com/
84,2019-05-21,2019-05-17T04:10:18.8800000Z,2018-01-24T00:42:37.6443449Z,2019-05-21T17:11:52.1350000Z,2018-01-24T00:42:37.6443449Z,2018-01-23,29,16230.0,2018-06-18T12:01:54.0000000Z,2018-01-23T09:58:13.0000000Z,1BTCXE,1Btcxe,https://1btcxe.com/
85,2019-05-22,2019-05-22T04:15:47.4350842Z,2018-01-24T00:21:54.1944779Z,2019-05-22T11:42:33.5780000Z,2018-01-24T00:21:54.1944779Z,2016-04-10,2039,16205.0,2019-05-22T12:58:31.0000000Z,2016-04-10T06:46:39.0000000Z,NOVA,Novaexchange,https://novaexchange.com/
86,2019-05-22,2019-05-22T08:26:28.6768771Z,2018-01-24T00:21:31.1076466Z,2019-05-22T11:48:13.3487392Z,2018-01-24T00:21:31.1076466Z,2017-10-12,71,12554.0,2019-05-22T12:57:55.1580000Z,2017-10-12T18:00:10.7250000Z,BITLISH,Bitlish,https://bitlish.com/
87,2018-04-10,2018-04-10T00:00:00.0000000Z,2018-01-24T00:21:45.2925018Z,2018-04-10T00:00:00.0000000Z,2018-01-24T00:21:45.2925018Z,2018-01-24,1,9861.0,2018-04-10T00:00:00.0000000Z,2018-01-24T18:15:31.9200000Z,COINSECURE,Coinsecure,https://coinsecure.in/
88,2019-05-22,2019-05-22T08:24:23.7013472Z,2017-03-14T20:05:02.3943786Z,2019-05-22T03:36:28.7419881Z,2017-03-14T20:05:02.3943786Z,2014-08-15,5,2607.0,2018-03-09T00:00:00.0000000Z,2014-08-15T17:27:03.0000000Z,VBTC,VBTC.VN,https://vbtc.vn/
89,2019-05-22,2019-05-22T08:17:28.4909585Z,2017-03-18T22:53:41.7026460Z,2019-05-22T11:39:41.2678164Z,2017-03-18T22:53:41.7026460Z,2014-12-12,1,500.0,2015-04-29T00:00:00.0000000Z,2014-12-12T16:36:44.0000000Z,CHILEBIT,CHILEBIT,https://chilebit.net/
90,2019-05-22,2019-05-22T08:24:30.1643653Z,2017-03-18T22:53:42.1600307Z,2019-05-21T12:47:38.4065427Z,2017-03-18T22:53:42.1600307Z,2014-12-11,1,500.0,2014-12-14T00:00:00.0000000Z,2014-12-11T10:31:07.0000000Z,FOXBIT,Foxbit,https://foxbit.com.br/
91,2019-05-22,2019-05-22T08:12:33.8374765Z,2017-03-18T22:53:39.8859603Z,2019-05-21T12:47:37.0353055Z,2017-03-18T22:53:39.8859603Z,2014-08-15,1,500.0,2015-02-19T00:00:00.0000000Z,2014-08-15T17:27:03.0000000Z,SURBITCOIN,SurBitcoin,https://surbitcoin.com/
92,2018-09-17,2018-09-17T00:00:00.0000000Z,2017-03-18T22:53:43.0074017Z,2018-09-17T00:00:00.0000000Z,2017-03-18T22:53:43.0074017Z,2014-10-14,1,500.0,2015-02-21T00:00:00.0000000Z,2014-10-14T04:46:00.0000000Z,URDUBIT,URDUBIT,https://urdubit.com/
93,2019-05-21,2019-05-19T15:46:52.6352937Z,2019-04-08T15:49:37.4273648Z,2019-05-21T23:39:55.9037710Z,2019-04-08T15:49:37.4273648Z,2019-04-08,1,,2019-05-21T21:06:27.0000000Z,2019-04-08T15:17:18.0000000Z,AIDOSMARKET,AidosMarket,https://aidosmarket.com/
94,2019-05-22,2019-05-08T00:00:00.0000000Z,2019-04-08T15:19:06.0909149Z,2019-05-22T09:53:13.4960864Z,2019-04-08T15:19:06.0909149Z,2019-04-08,21,,,,ALTCOINTRADER,Altcoin Trader,https://www.altcointrader.co.za/
95,2019-05-22,2019-05-22T08:27:06.9056555Z,2018-01-24T00:42:31.5662178Z,2019-05-22T11:36:15.1643363Z,2018-01-24T00:42:31.5662178Z,2018-01-24,19,,,,ANXPRO,ANXPro,https://anxpro.com/
96,2019-05-14,2019-05-14T04:58:51.9327008Z,2019-04-16T18:37:21.9447736Z,2019-05-14T10:12:17.5965952Z,2019-04-16T18:37:21.9447736Z,2019-04-16,24,,2019-05-14T16:09:03.7491091Z,2019-04-24T10:43:39.2112112Z,BBX,BBX,https://bbx.com/
97,2019-05-22,2019-05-22T08:26:54.7148992Z,2019-02-21T13:34:20.6475263Z,2019-05-22T11:10:36.0210878Z,2019-02-21T13:34:20.6475263Z,2019-02-21,16256,,,,BCEX,BCEX,https://www.bcex.ca/
98,2019-05-22,2019-05-22T08:15:17.0704011Z,2019-04-08T15:17:59.1913899Z,2019-05-22T10:48:49.2344243Z,2019-04-08T15:17:59.1913899Z,2019-04-08,52,,2019-05-22T10:48:52.0000000Z,2019-04-08T15:18:00.0000000Z,BGOGO,Bgogo,https://bgogo.com/
99,2019-05-22,2019-05-22T08:09:30.3362627Z,2019-01-21T19:18:16.5708674Z,2019-05-22T10:47:36.8659879Z,2019-01-21T19:18:16.5708674Z,2019-01-21,16,,2019-04-17T00:00:00.0000000Z,2019-01-21T18:55:09.3430000Z,BHEX,BHEX,https://www.bhex.com/
100,2019-05-22,2019-05-08T00:00:00.0000000Z,2019-04-08T15:28:53.6306458Z,2019-05-22T10:43:23.3412298Z,2019-04-08T15:28:53.6306458Z,2018-09-20,92,,2019-05-22T11:34:08.0000000Z,2018-09-20T13:55:53.0000000Z,BIGONE,BigONE,https://big.one/
101,2019-05-22,2019-05-22T08:14:34.2737003Z,2019-04-08T15:19:16.4427273Z,2019-05-22T09:13:34.5429478Z,2019-04-08T15:19:16.4427273Z,2019-04-08,105,,2019-05-22T05:05:54.0000000Z,2019-04-08T15:21:02.0000000Z,BILAXY,Bilaxy,https://bilaxy.com/
102,2019-05-22,2019-05-16T17:14:42.0371013Z,2018-09-09T12:57:18.2867320Z,2019-05-22T11:37:57.5907140Z,2018-09-09T12:57:18.2867320Z,2018-09-09,8,,2019-05-22T12:57:16.4420000Z,2018-09-09T05:09:30.0640000Z,BITBANK,Bitbank,https://bitbank.cc/
103,2019-05-21,2019-05-08T00:00:00.0000000Z,2019-04-08T15:29:16.9647231Z,2019-05-21T18:56:20.3539522Z,2019-04-08T15:29:16.9647231Z,2019-04-08,6,,2019-05-21T18:22:23.0000000Z,2019-04-08T17:16:25.0000000Z,BITEXLA,Bitex.la,https://bitex.la/
104,2019-05-22,2019-05-22T08:26:00.7286006Z,2018-10-13T17:03:50.8150924Z,2019-05-22T11:48:31.4227802Z,2018-10-13T17:03:50.8150924Z,2018-09-04,284,,2019-05-22T13:02:49.0130000Z,2018-09-04T17:03:38.8780000Z,BITFOREX,BitForex,https://bitforex.com/
105,2019-05-22,2019-05-08T00:00:00.0000000Z,2019-04-08T15:29:13.7997005Z,2019-05-22T10:51:52.5816797Z,2019-04-08T15:29:13.7997005Z,2018-12-25,56,,2019-05-22T10:10:33.0000000Z,2018-12-25T12:33:12.0000000Z,BITIBU,Bitibu,https://bitibu.com/
106,2019-05-22,2019-05-22T04:25:37.3758841Z,2019-02-08T07:47:15.6160385Z,2019-05-22T11:42:31.5720689Z,2019-02-08T07:47:15.6160385Z,2019-02-08,165,,,,BITINKA,Bitinka,https://www.bitinka.com/
107,2019-05-22,2019-05-22T08:14:31.9950163Z,2019-04-16T18:32:57.0850620Z,2019-05-22T10:48:47.1044478Z,2019-04-16T18:32:57.0850620Z,2019-04-16,26,,,,BITKUB,Bitkub,https://www.bitkub.com/
108,2019-05-22,2019-05-22T08:15:43.5008492Z,2019-02-21T13:39:20.5728310Z,2019-05-22T10:50:53.3519485Z,2019-02-21T13:39:20.5728310Z,2019-02-21,212,,2019-05-22T10:37:38.3220000Z,2019-02-21T13:39:20.9020000Z,BITMART,BitMart,https://www.bitmart.com/
109,2019-05-22,2019-05-22T08:08:53.0410996Z,2019-04-08T15:17:56.3251936Z,2019-05-22T09:13:42.0038670Z,2019-04-08T15:17:56.3251936Z,2019-04-08,110,,2019-05-14T16:09:32.8970000Z,2019-04-08T15:18:02.5080000Z,BITMAX,BitMax,https://bitmax.io/
110,2019-05-22,2019-05-08T00:00:00.0000000Z,2019-02-08T09:08:55.5368722Z,2019-05-22T09:43:07.5911140Z,2019-02-08T09:08:55.5368722Z,2019-02-08,169,,,,BITRUE,Bitrue,https://www.bitrue.com/
111,2019-05-22,2019-05-22T08:09:01.6522862Z,2019-04-08T15:18:18.8301553Z,2019-05-22T09:13:25.3291239Z,2019-04-08T15:18:18.8301553Z,2018-01-08,67,,2019-05-22T07:28:44.0000000Z,2018-01-08T01:17:20.0000000Z,BITSANE,Bitsane,https://bitsane.com/
112,2019-05-22,2019-05-16T10:47:32.9228360Z,2018-09-09T12:57:17.9973117Z,2019-05-22T11:42:29.9284868Z,2018-09-09T12:57:17.9973117Z,2018-03-25,307,,2019-05-22T12:53:23.0000000Z,2018-03-25T07:00:01.0000000Z,BITZ,Bit-Z,https://www.bit-z.com/
113,2019-05-22,2019-05-22T08:15:49.2255726Z,2019-04-08T15:17:56.2740549Z,2019-05-22T10:34:43.5816644Z,2019-04-08T15:17:56.2740549Z,2018-06-20,204,,2019-05-22T09:00:45.8670000Z,2018-06-20T14:22:32.4410000Z,BTCALPHA,BTC-Alpha,https://btc-alpha.com/
114,2019-05-22,2019-05-22T08:14:52.9586258Z,2019-04-08T15:18:03.9526203Z,2019-05-22T09:33:17.8051826Z,2019-04-08T15:18:03.9526203Z,2019-04-08,19,,2019-05-21T21:46:02.3050000Z,2019-04-08T15:20:23.7300000Z,BUDA,Buda,https://www.buda.com/
115,2019-05-22,2019-05-22T08:11:56.0000000Z,2019-02-21T13:42:50.9700312Z,2019-05-22T08:12:20.0000000Z,2019-02-21T13:42:50.9700312Z,2019-02-21,78,,2019-05-22T05:17:31.0000000Z,2019-02-21T13:42:47.0000000Z,BW,BW,https://www.bw.com/
116,2019-05-22,2019-05-22T08:13:21.0000000Z,2019-04-08T15:17:57.0000000Z,2019-05-22T10:53:55.0000000Z,2019-04-08T15:17:57.0000000Z,2019-04-08,64,,,,C2CX,C2CX,https://www.c2cx.com/
117,2019-05-22,2019-05-08T00:00:00.0000000Z,2019-02-08T07:59:20.3268409Z,2019-05-22T11:47:10.4781211Z,2019-02-08T07:59:20.3268409Z,2019-02-08,116,,,,CASHIEREST,Cashierest,https://www.cashierest.com/
118,2019-05-22,2019-05-22T07:59:14.9645276Z,2018-11-03T13:09:03.1540232Z,2019-05-22T11:41:02.1345664Z,2018-11-03T13:09:03.1540232Z,2018-04-09,177,,2019-05-22T11:42:18.6260000Z,2018-04-09T19:21:36.6980000Z,COBINHOOD,COBINHOOD,https://cobinhood.com/
119,2019-05-22,2019-05-22T08:14:57.2167096Z,2019-04-18T12:50:27.7633096Z,2019-05-22T09:13:44.6698796Z,2019-04-18T12:50:27.7633096Z,2019-04-18,102,,2019-05-22T09:03:03.0000000Z,2019-04-18T12:50:29.0000000Z,COINALL,Coinall,https://www.coinall.com/
120,2019-05-22,2019-05-22T08:15:44.5928449Z,2018-11-02T12:29:50.6703027Z,2019-05-22T10:53:38.4798890Z,2018-11-02T12:29:50.6703027Z,2018-06-08,259,,2019-05-22T11:41:26.0000000Z,2018-06-08T13:40:11.0000000Z,COINBENE,CoinBene,https://www.coinbene.com/
121,2019-05-14,2019-05-08T00:00:00.0000000Z,2019-04-08T15:19:03.6052763Z,2019-05-14T05:02:40.2619775Z,2019-04-08T15:19:03.6052763Z,2019-04-08,130,,,,COINEGG,COINEGG,https://www.coinegg.com/
122,2019-05-22,2019-05-22T08:26:56.5630000Z,2018-01-24T00:21:57.1628343Z,2019-05-22T11:47:11.8120000Z,2018-01-24T00:21:57.1628343Z,2018-01-24,1137,,,,COINEXCHANGE,CoinExchange,https://www.coinexchange.io/
123,,,,,,,28,,,,COINFALCON,CoinFalcon,https://coinfalcon.com/
124,2019-05-22,2019-05-22T08:00:47.4388778Z,2019-04-18T12:50:27.9351772Z,2019-05-22T09:19:47.8286901Z,2019-04-18T12:50:27.9351772Z,2018-11-29,33,,2019-05-22T04:38:18.0000000Z,2018-11-29T15:56:57.0000000Z,COINHUB,Coinhub,https://coinhub.io/
125,2019-05-22,2019-05-08T00:00:00.0000000Z,2019-04-08T15:33:59.7240510Z,2019-05-22T10:40:53.1108501Z,2019-04-08T15:33:59.7240510Z,2019-04-08,9,,2019-05-22T06:50:25.8006820Z,2019-04-09T09:58:50.9245670Z,COINJAR,CoinJar,https://www.coinjar.com/
126,2019-05-22,2019-05-22T08:14:51.0489087Z,2019-04-08T15:19:05.2653890Z,2019-05-22T00:22:21.1756116Z,2019-04-08T15:19:05.2653890Z,2018-07-04,53,,2019-05-22T11:28:48.9810000Z,2018-07-04T02:35:28.0000000Z,COINMEX,CoinMex,https://www.coinmex.com/
127,,,,,,,92,,,,COINROOM,Coinroom,https://coinroom.com/
128,2019-05-22,2019-05-22T08:11:59.9620000Z,2018-11-08T20:09:36.9821552Z,2019-05-22T07:38:32.9050000Z,2018-11-08T20:09:36.9821552Z,2018-08-15,8,,2019-05-22T06:48:30.7930000Z,2018-08-15T15:47:03.8050000Z,COINSPRO,Coins Pro,https://pro.coins.asia/
129,2019-05-22,2019-05-22T08:05:08.9928165Z,2018-11-20T15:24:51.7878874Z,2019-05-22T10:35:42.5571907Z,2018-11-20T15:24:51.7878874Z,2018-11-20,174,,2019-05-22T12:58:44.0000000Z,2018-11-20T15:24:51.0020000Z,COINTIGER,CoinTiger,https://www.cointiger.com/
130,2019-05-22,2019-05-22T00:26:02.9923028Z,2019-04-23T10:02:37.6631490Z,2019-05-22T09:03:20.5839620Z,2019-04-23T10:02:37.6631490Z,2019-04-23,32,,2019-05-21T20:36:48.1860000Z,2019-04-25T01:25:06.8750000Z,COINUT,Coinut,https://coinut.com/
131,2019-05-22,2019-05-22T08:15:49.9238674Z,2019-04-19T01:38:15.1717028Z,2019-05-22T10:53:43.8334794Z,2019-04-19T01:38:15.1717028Z,2019-04-19,100,,,,COINZEST,CoinZest,https://www.coinzest.co.kr/
132,2019-05-22,2019-05-22T08:15:41.1460000Z,2019-04-08T15:18:19.4240000Z,2019-05-22T10:53:13.3770000Z,2019-04-08T15:18:19.4240000Z,2018-12-07,295,,2019-05-22T11:31:34.6400000Z,2018-12-07T07:16:05.4320000Z,COSS,COSS,https://www.coss.io/
133,2019-05-22,2019-05-22T08:14:52.6810194Z,2019-04-08T15:17:55.4599973Z,2019-05-22T10:45:29.5505296Z,2019-04-08T15:17:55.4599973Z,2017-12-18,83,,2019-05-22T06:52:02.0000000Z,2017-12-18T17:36:08.0000000Z,CPATEX,C-Patex,https://c-patex.com/
134,2019-05-22,2019-05-22T08:15:32.9870746Z,2019-04-08T15:17:55.0957550Z,2019-05-22T10:55:16.5402017Z,2019-04-08T15:17:55.0957550Z,2019-04-08,848,,2019-05-22T11:36:06.0000000Z,2019-04-08T15:19:22.0000000Z,CREX24,Crex24,https://crex24.com/
135,2019-05-22,2019-05-08T00:00:00.0000000Z,2019-04-08T15:17:55.5549491Z,2019-05-22T09:44:47.3191046Z,2019-04-08T15:17:55.5549491Z,2017-07-13,5,,2019-05-21T18:06:56.0000000Z,2017-07-13T12:11:32.0000000Z,CRXZONE,CRXzone,https://www.crxzone.com/
136,2019-05-22,2019-05-22T08:15:50.2287818Z,2019-04-08T15:18:06.5579239Z,2019-05-21T12:50:44.8716985Z,2019-04-08T15:18:06.5579239Z,2018-08-13,621,,2019-05-20T12:09:56.0000000Z,2018-08-13T18:04:30.0000000Z,CRYPTALDASH,CryptalDash,https://www.cryptaldash.com/
137,2019-05-22,2019-05-08T00:00:00.0000000Z,2019-04-08T15:50:11.1032719Z,2019-05-22T10:47:54.6295296Z,2019-04-08T15:50:11.1032719Z,2019-04-08,527,,,,CRYPTOBRIDGE,CryptoBridge,https://crypto-bridge.org/
138,2019-05-22,2019-05-22T07:37:57.1446880Z,2019-04-08T15:18:05.5157450Z,2019-05-22T06:03:57.4383819Z,2019-04-08T15:18:05.5157450Z,2019-04-08,20,,2019-05-19T18:25:11.1906460Z,2019-04-08T15:22:54.8750640Z,CRYPTOMKT,CryptoMarket,https://www.cryptomkt.com/
139,2019-05-21,2019-05-08T00:00:00.0000000Z,2019-04-08T15:29:02.1642974Z,2019-05-21T13:41:35.0787095Z,2019-04-08T15:29:02.1642974Z,2018-08-27,61,,2019-05-14T15:38:00.6568700Z,2018-08-27T02:08:57.5597020Z,CRYPTONBTC,Crypton,https://cryptonbtc.com/
140,2019-05-22,2019-05-22T08:15:42.2846475Z,2019-01-22T20:19:06.9087747Z,2019-05-22T10:49:07.4422416Z,2019-01-22T20:19:06.9087747Z,2019-01-22,239,,,,DDEX,DDEX,https://ddex.io/
141,2019-04-16,2019-04-16T00:00:00.0000000Z,2019-02-19T17:11:50.0000000Z,2019-04-16T00:00:00.0000000Z,2019-02-19T17:11:50.0000000Z,2019-02-19,233,,2019-04-16T00:00:00.0000000Z,2019-02-19T09:23:18.0000000Z,DIGIFINEX,DigiFinex,https://www.digifinex.com/
142,,,,,,,349,,,,ETHFINEX,Ethfinex,https://www.ethfinex.com/
143,2019-04-17,2019-04-17T00:00:00.0000000Z,2018-04-13T16:05:15.5662427Z,2019-04-17T00:00:00.0000000Z,2018-04-13T16:05:15.5662427Z,2018-04-10,156,,2019-04-16T00:00:00.0000000Z,2018-04-10T18:18:25.0000000Z,EXTRADE,1EX.Trade,https://1ex.trade/
144,2019-05-22,2019-05-22T08:26:34.0000000Z,2018-10-17T07:33:03.0000000Z,2019-05-22T11:48:38.0000000Z,2018-10-17T07:33:03.0000000Z,2018-07-21,206,,2019-05-22T13:02:09.0000000Z,2018-07-21T12:25:57.0000000Z,EXX,EXX,https://www.exx.com/
145,2019-05-21,2019-05-16T16:05:50.2320940Z,2019-04-08T15:33:51.6786671Z,2019-05-21T22:35:47.1091567Z,2019-04-08T15:33:51.6786671Z,2019-04-05,1,,2019-05-21T16:01:20.0000000Z,2019-04-05T06:19:12.0000000Z,EZBTC,ezBtc,https://www.ezbtc.ca/
146,2019-05-22,2019-05-22T07:53:40.7186932Z,2019-04-08T15:17:45.9541523Z,2019-05-22T08:52:22.5163398Z,2019-04-08T15:17:45.9541523Z,2018-09-03,5,,2019-05-22T08:52:22.0000000Z,2018-09-03T17:55:35.0000000Z,FISCO,Fisco,https://fcce.jp/
147,2019-05-22,2019-05-22T08:15:44.5928449Z,2019-04-08T15:18:02.2897595Z,2019-05-22T09:51:36.6855452Z,2019-04-08T15:18:02.2897595Z,2018-02-23,76,,2019-05-20T05:36:56.0000000Z,2018-02-23T12:04:51.0000000Z,GOPAX,GOPAX,https://www.gopax.co.kr/
148,2019-05-22,2019-05-22T08:15:23.0708221Z,2019-04-08T15:18:05.3893240Z,2019-05-22T10:55:12.3942560Z,2019-04-08T15:18:05.3893240Z,2018-05-23,396,,2019-05-22T11:41:44.0000000Z,2018-05-23T17:26:19.0000000Z,GRAVIEX,Graviex,https://graviex.net/
149,2019-05-22,2019-05-22T08:11:30.5022350Z,2018-11-10T15:29:31.7889589Z,2019-05-22T10:48:11.4246124Z,2018-11-10T15:29:31.7889589Z,2018-11-10,449,,2019-05-22T10:00:24.8020000Z,2018-11-10T13:47:26.2730000Z,HADAX,Hadax,https://www.hadax.com
150,2019-05-22,,,,,2019-05-04,15,,2019-05-22T11:34:28.0000000Z,2019-05-04T17:55:31.0000000Z,ICE3X,iCE3X,https://ice3x.com/
151,2019-05-22,2019-05-22T08:15:44.9007791Z,2019-02-05T23:28:43.4514691Z,2019-05-22T10:55:08.1503858Z,2019-02-05T23:28:43.4514691Z,2019-02-03,304,,2019-04-17T00:00:00.0000000Z,2019-02-03T15:53:24.0000000Z,IDAX,IDAX,https://www.idax.pro/
152,2019-05-22,2019-05-22T08:01:22.6088308Z,2019-02-05T23:29:27.8946927Z,2019-05-22T10:35:30.0588338Z,2019-02-05T23:29:27.8946927Z,2019-02-03,67,,2019-05-22T01:09:59.0000000Z,2019-02-03T15:53:24.0000000Z,IDCM,IDCM,https://www.idcm.io/
153,,,,,,,1244,,,,IDEX,IDEX,https://idex.market/
154,2019-05-15,2019-05-15T12:14:50.7644554Z,2019-04-08T15:18:02.1868547Z,2019-05-14T23:16:40.7311225Z,2019-04-08T15:18:02.1868547Z,2019-04-05,27,,2019-05-15T09:29:04.0000000Z,2019-04-05T01:28:39.0000000Z,INDODAX,Indodax,https://indodax.com/
155,2019-05-22,2019-05-22T08:15:34.5116214Z,2019-05-05T06:18:06.7114893Z,2019-05-22T09:59:30.9381192Z,2019-05-05T06:18:06.7114893Z,2018-09-29,199,,2019-05-22T16:26:47.0000000Z,2018-09-29T06:20:08.0000000Z,INSTANTBITEX,Instant Bitex,https://instantbitex.com/
156,2019-05-22,2019-05-22T07:39:58.3482323Z,2019-04-08T15:18:01.1770888Z,2019-05-22T06:03:48.2508895Z,2019-04-08T15:18:01.1770888Z,2019-04-02,4,,2019-05-21T20:49:49.0000000Z,2019-04-02T15:36:07.0000000Z,ISX,ISX,https://beta.isx.is/
157,2019-05-22,2019-05-22T08:12:17.9240000Z,2019-04-08T15:19:05.1120000Z,2019-05-22T07:49:38.9560000Z,2019-04-08T15:19:05.1120000Z,2019-01-03,40,,2019-05-22T06:15:09.8070000Z,2019-01-03T03:11:04.0750000Z,KRYPTONO,Kryptono,https://kryptono.exchange/
158,2019-05-22,2019-05-22T08:15:25.9160098Z,2019-02-05T23:23:14.7624695Z,2019-05-22T10:50:48.0990642Z,2019-02-05T23:23:14.7624695Z,2018-08-26,147,,2019-05-22T10:44:50.2710000Z,2018-08-26T14:38:37.4660000Z,LBANK,LBank,https://www.lbank.info/
159,2019-05-22,2019-05-22T03:53:37.6240307Z,2019-04-18T12:44:36.0137903Z,2019-05-22T03:53:37.6240307Z,2019-04-18T12:44:36.0137903Z,2019-04-18,4,,2019-05-20T15:47:28.7550000Z,2019-04-18T22:58:33.3790000Z,LXDX,LXDX,https://www.lxdx.co
160,2019-05-22,2019-05-22T08:26:45.5228511Z,2018-01-24T00:21:30.1220000Z,2019-05-22T11:48:06.1344786Z,2018-01-24T00:21:30.1220000Z,2018-01-24,268,,,,LYKKE,Lykke,https://www.lykke.com/
161,2019-05-22,2019-05-08T00:00:00.0000000Z,2018-10-15T09:25:26.8771992Z,2019-05-22T11:48:09.4232924Z,2018-10-15T09:25:26.8771992Z,2018-10-15,582,,,,MERCATOX,MERCATOX,https://mercatox.com
162,2019-05-20,2019-05-20T09:38:23.0855043Z,2019-02-05T23:23:14.0000000Z,2019-05-20T09:35:50.7230520Z,2019-02-05T23:23:14.0000000Z,2018-10-24,3,,2019-05-18T15:41:35.0000000Z,2018-10-24T11:15:21.0000000Z,MODIAX,MODIAX,https://www.modiax.com/
163,2019-05-22,2019-05-22T08:10:49.2364909Z,2019-04-08T15:17:57.9165736Z,2019-05-22T09:13:11.1924175Z,2019-04-08T15:17:57.9165736Z,2019-04-08,7,,,,NEGOCIECOINS,Negocie Coins,http://www.negociecoins.com.br/
164,,,,,,,17,,,,NERAEXPRO,Neraex,https://neraex.pro/
165,2019-05-21,2019-05-19T15:46:57.9504729Z,2019-04-08T15:28:53.9561591Z,2019-05-21T23:15:51.2752779Z,2019-04-08T15:28:53.9561591Z,2019-04-06,1,,2019-05-21T22:45:50.0000000Z,2019-04-06T23:07:24.0000000Z,NOCKS,Nocks,https://nocks.com/
166,2019-05-22,2019-05-20T04:31:37.1098765Z,2019-04-08T15:19:04.0034189Z,2019-05-22T09:13:12.0000000Z,2019-04-08T15:19:04.0034189Z,2019-04-08,40,,2019-05-22T20:49:05.0000000Z,2019-04-08T04:44:03.0000000Z,OOOBTC,OOOBTC,https://www.ooobtc.com/
167,2019-05-22,2019-05-22T08:15:26.4767521Z,2019-04-08T15:18:00.4299525Z,2019-05-22T10:33:02.0408698Z,2019-04-08T15:18:00.4299525Z,2017-10-08,530,,2019-05-22T10:07:03.0000000Z,2017-10-08T21:10:39.0000000Z,OPENLEDGER,OpenLedger DEX,https://dex.openledger.io/
168,2019-05-22,2019-05-22T08:15:39.6589819Z,2019-04-08T15:18:07.0167609Z,2019-05-22T10:54:15.3997922Z,2019-04-08T15:18:07.0167609Z,2018-02-10,99,,2019-05-22T10:03:00.0000000Z,2018-02-10T01:03:31.0000000Z,OTCBTC,OTCBTC,https://otcbtc.com/
169,2019-05-22,2019-05-22T08:15:42.7297087Z,2019-04-08T15:18:03.8366018Z,2019-05-22T09:13:18.3310864Z,2019-04-08T15:18:03.8366018Z,2019-04-08,17,,2019-05-02T00:00:00.0000000Z,2019-04-08T15:28:37.8810000Z,OVIS,Ovis,https://www.ovis.com.tr/
170,2019-05-20,2019-05-20T10:29:56.7627276Z,2019-04-08T15:19:03.3086962Z,2019-05-20T10:42:08.1400690Z,2019-04-08T15:19:03.3086962Z,2018-10-26,474,,2019-05-19T07:34:29.1600000Z,2018-10-26T06:54:25.8040000Z,P2PB2B,p2pb2b,https://p2pb2b.io/
171,2019-05-22,2019-05-22T08:01:56.7222647Z,2019-04-18T09:51:49.0932046Z,2019-05-22T09:13:25.4052712Z,2019-04-18T09:51:49.0932046Z,2019-04-18,1,,2019-04-24T00:00:00.0000000Z,2019-04-19T05:49:01.3590000Z,RIGHTBTC,RIGHTBTC,https://www.rightbtc.com/
172,2019-05-22,2019-05-20T06:02:53.1895652Z,2019-04-08T20:44:37.6240192Z,2019-05-22T10:27:45.9165170Z,2019-04-08T20:44:37.6240192Z,2019-04-08,7,,,,SATANGPRO,Satang Pro,https://satang.pro/
173,2019-05-22,2019-05-22T08:14:35.5023249Z,2019-02-05T23:26:47.3672455Z,2019-05-22T06:20:37.9853386Z,2019-02-05T23:26:47.3672455Z,2019-02-03,412,,2019-05-22T06:18:32.0000000Z,2019-02-03T07:52:08.0000000Z,SIMEX,SIMEX,https://simex.global/
174,2019-05-22,2019-05-08T00:00:00.0000000Z,2019-04-08T15:17:55.3330949Z,2019-05-22T10:44:05.9106387Z,2019-04-08T15:17:55.3330949Z,2019-04-08,285,,,,SISTEMKOIN,Sistemkoin,https://sistemkoin.com/
175,2019-05-22,2019-05-22T08:15:49.3950191Z,2019-01-28T11:54:44.3898047Z,2019-05-22T10:55:49.3349061Z,2019-01-28T11:54:44.3898047Z,2019-01-27,470,,2019-05-22T11:41:55.0000000Z,2019-01-27T18:48:16.0000000Z,STEX,STEX,https://www.stex.com/
176,2019-04-30,2019-04-30T00:00:00.0000000Z,2019-04-08T15:17:54.1560666Z,2019-04-30T00:00:00.0000000Z,2019-04-08T15:17:54.1560666Z,2019-04-08,9,,2019-04-25T00:00:00.0000000Z,2019-04-08T08:19:05.0000000Z,STRONGHOLD,Stronghold,https://stronghold.co/
177,2019-05-22,2019-05-22T08:15:30.3824060Z,2019-04-18T12:50:23.1966422Z,2019-05-22T10:53:31.5593505Z,2019-04-18T12:50:23.1966422Z,2019-04-18,164,,2019-05-22T10:47:56.0000000Z,2019-04-18T12:50:27.0000000Z,SWITCHEO,Switcheo Network,https://switcheo.network/
178,2019-05-22,2019-05-22T08:15:03.2990539Z,2019-04-08T15:17:58.6208307Z,2019-05-22T09:28:32.9136562Z,2019-04-08T15:17:58.6208307Z,2018-09-15,33,,2019-05-22T07:28:25.0000000Z,2018-09-15T10:07:08.0000000Z,TOKENOMY,Tokenomy,https://tokenomy.com/
179,2019-05-22,2019-05-22T08:15:36.9259183Z,2019-04-08T15:17:58.1915392Z,2019-05-22T10:20:47.2648867Z,2019-04-08T15:17:58.1915392Z,2017-09-17,306,,2019-05-22T09:49:36.2630000Z,2017-09-17T11:10:12.5100000Z,TOKENSTORE,Token Store,https://token.store/
180,2019-05-22,2019-05-19T21:31:24.3189211Z,2019-04-08T15:19:02.7190000Z,2019-05-22T09:37:05.3163401Z,2019-04-08T15:19:02.7190000Z,2019-04-08,65,,2019-05-21T21:45:10.0000000Z,2019-04-08T15:21:45.0000000Z,TOKOK,TokTok,https://www.tokok.com
181,2019-05-22,2019-05-08T00:00:00.0000000Z,2019-04-08T15:29:00.9938327Z,2019-05-22T10:53:02.3034363Z,2019-04-08T15:29:00.9938327Z,2018-10-09,102,,2019-05-22T11:33:34.9100000Z,2018-10-09T01:15:09.8490000Z,TRADEIO,Trade.io,https://exchange.trade.io/
182,2019-05-22,2019-05-22T08:15:44.6903340Z,2019-04-08T15:18:03.9093034Z,2019-05-22T10:41:15.3602086Z,2019-04-08T15:18:03.9093034Z,2019-04-08,86,,2019-05-22T10:25:38.0000000Z,2019-04-08T15:19:17.0000000Z,TRADEOGRE,TradeOgre,https://tradeogre.com/
183,2019-05-22,2019-05-22T08:15:48.8305009Z,2019-04-08T15:18:19.6286531Z,2019-05-22T10:52:32.4933193Z,2019-04-08T15:18:19.6286531Z,2017-07-06,1344,,2019-05-22T11:35:39.3430000Z,2017-07-06T11:41:31.3030000Z,TRADESATOSHI,Trade Satoshi,https://tradesatoshi.com/
184,2019-04-30,2019-04-30T00:00:00.0000000Z,2019-04-08T15:18:44.0210000Z,2019-04-30T00:00:00.0000000Z,2019-04-08T15:18:44.0210000Z,2019-03-29,3,,2019-04-29T00:00:00.0000000Z,2019-03-29T10:54:30.0000000Z,UEX,UEX,https://www.uex.com/
185,2019-05-22,2019-05-08T00:00:00.0000000Z,2018-10-01T16:58:44.7700000Z,2019-05-22T10:51:00.0408556Z,2018-10-01T16:58:44.7700000Z,2018-10-01,49,,,,VEBITCOIN,Vebitcoin,https://www.vebitcoin.com/
186,2019-05-22,2019-05-22T08:20:43.7746260Z,2017-03-18T22:49:12.8140463Z,2019-05-22T10:55:25.9814755Z,2017-03-18T22:49:12.8140463Z,2017-03-18,118,,,,XBTCE,xBTCe,https://www.xbtce.com/
187,,,,,,,5,,,,XENA,Xena Exchange,https://xena.exchange/
188,2019-05-21,2019-05-18T17:55:09.6330450Z,2019-04-18T13:01:43.4096374Z,2019-05-21T13:08:29.4632877Z,2019-04-18T13:01:43.4096374Z,2019-04-18,1,,,,XS2,XS2,https://xs2.exchange/
189,2019-05-22,2019-05-22T08:11:02.9288854Z,2019-04-08T15:17:56.3251936Z,2019-05-22T07:00:11.9886819Z,2019-04-08T15:17:56.3251936Z,2019-04-08,17,,2019-05-22T06:54:23.5280000Z,2019-04-08T13:23:42.5320000Z,YUNEX,YunEx,https://yunex.io/
190,2019-05-22,2019-05-22T08:10:52.9649314Z,2019-02-19T17:05:16.1489961Z,2019-05-22T10:55:19.6115177Z,2019-02-19T17:05:16.1489961Z,2018-12-29,228,,2019-05-22T11:15:37.0000000Z,2018-12-29T16:50:07.0000000Z,ZB,ZB,https://www.zb.com/
191,2019-05-22,2019-05-22T08:15:24.0000000Z,2019-04-24T11:35:18.3537588Z,2019-05-22T10:46:33.0000000Z,2019-04-24T11:35:18.3537588Z,2019-04-24,130,,2019-05-22T10:46:33.0000000Z,2019-04-24T11:35:18.0000000Z,ZBG,ZBG,https://www.zbg.com/
192,2019-05-21,2019-05-08T00:00:00.0000000Z,2019-02-08T10:06:08.6901996Z,2019-05-21T23:25:14.1334758Z,2019-02-08T10:06:08.6901996Z,2019-02-08,13,,,,ZEBPAY,Zebpay,https://www.zebapi.com/
193,2019-02-06,2019-02-06T00:00:00.0000000Z,2014-02-24T17:43:05.0000000Z,2019-02-06T00:00:00.0000000Z,2014-02-24T17:43:05.0000000Z,2011-08-14,24,65974803.0,2019-02-06T00:00:00.0000000Z,2011-08-14T14:14:40.0000000Z,BTC-E,BTC-e,https://btc-e.com/
194,2019-05-22,2019-05-22T08:26:50.3057872Z,2017-03-18T22:53:47.2011734Z,2019-05-22T11:48:36.6565825Z,2017-03-18T22:53:47.2011734Z,2015-01-06,8127,26779927.0,2019-05-22T13:00:06.0000000Z,2015-01-06T19:51:51.0000000Z,YOBIT,YObit,https://yobit.net/en/
195,2019-05-22,2019-05-22T08:26:16.3815193Z,2017-03-18T22:53:45.5791610Z,2019-05-22T11:47:11.9980201Z,2017-03-18T22:53:45.5791610Z,2015-06-26,29,938655.0,2019-05-22T13:00:24.0000000Z,2015-06-26T11:19:16.0000000Z,BXINTH,BX Thailand,https://bx.in.th/
196,2018-11-20,2018-11-20T00:00:00.0000000Z,2017-12-24T13:03:42.9064646Z,2018-11-20T00:00:00.0000000Z,2017-12-24T13:03:42.9064646Z,2017-12-22,59,9793891.0,2018-11-20T00:00:00.0000000Z,2017-12-22T07:31:16.0000000Z,WEXNZ,WexNz,https://wex.nz/
