time_period_start,price_close,price_high,price_low,price_open,time_close,time_open,time_period_end,time_period_start,trades_count,volume_traded,previous_day_price_close,daily_return_in_percentage,daily_squared_return_in_percentage
2018-12-14,23.767,24.109,22.844,23.469,2018-12-14T23:59:38.0000000Z,2018-12-14T00:00:03.0000000Z,2018-12-15T00:00:00.0000000Z,2018-12-14T00:00:00.0000000Z,8291,163323.15567829,,,
2018-12-15,24.13,24.6,23.427,23.748,2018-12-15T23:58:57.0000000Z,2018-12-15T00:00:03.0000000Z,2018-12-16T00:00:00.0000000Z,2018-12-15T00:00:00.0000000Z,7976,137244.45900524,23.767,1.5157815737711022,2.2975937793839996
2018-12-16,26.118000000000002,27.581,24.075,24.081999999999997,2018-12-16T23:59:21.0000000Z,2018-12-16T00:00:03.0000000Z,2018-12-17T00:00:00.0000000Z,2018-12-16T00:00:00.0000000Z,18974,420751.90491481,24.13,7.9168852161275005,62.67707152533818
2018-12-17,29.88,31.430999999999997,25.991,26.118000000000002,2018-12-17T23:59:54.0000000Z,2018-12-17T00:00:03.0000000Z,2018-12-18T00:00:00.0000000Z,2018-12-17T00:00:00.0000000Z,22167,539264.03647833,26.118000000000002,13.456462846640083,181.07639234300493
2018-12-18,30.968000000000004,31.149,28.639,29.85,2018-12-18T23:59:54.0000000Z,2018-12-18T00:00:03.0000000Z,2018-12-19T00:00:00.0000000Z,2018-12-18T00:00:00.0000000Z,11785,244460.0295891,29.88,3.576505301073052,12.791390168603641
2018-12-19,29.945,33.034,29.628,30.968000000000004,2018-12-19T23:59:28.0000000Z,2018-12-19T00:00:03.0000000Z,2018-12-20T00:00:00.0000000Z,2018-12-19T00:00:00.0000000Z,17312,345586.91957582,30.968000000000004,-3.359204755892131,11.284256592008314
2018-12-20,33.543,34.259,29.695999999999998,29.923000000000002,2018-12-20T23:59:30.0000000Z,2018-12-20T00:00:02.0000000Z,2018-12-21T00:00:00.0000000Z,2018-12-20T00:00:00.0000000Z,17116,403544.99077311,29.945,11.346583211691508,128.74495057983958
2018-12-21,31.305,34.2,30.643,33.5,2018-12-21T23:59:48.0000000Z,2018-12-21T00:00:04.0000000Z,2018-12-22T00:00:00.0000000Z,2018-12-21T00:00:00.0000000Z,13159,231534.45909425,33.543,-6.905036863606684,47.67953408776723
2018-12-22,32.823,32.9,30.728,31.353,2018-12-22T23:59:13.0000000Z,2018-12-22T00:00:04.0000000Z,2018-12-23T00:00:00.0000000Z,2018-12-22T00:00:00.0000000Z,7801,137504.63473203,31.305,4.735165996548885,22.42179701487279
2018-12-23,34.124,34.998000000000005,32.663000000000004,32.795,2018-12-23T23:55:39.0000000Z,2018-12-23T00:00:04.0000000Z,2018-12-24T00:00:00.0000000Z,2018-12-23T00:00:00.0000000Z,13204,213825.17502476,32.823,3.8871459883685677,15.10990393488985
2018-12-24,33.876,37.687,33.33,34.16,2018-12-24T23:59:39.0000000Z,2018-12-24T00:00:05.0000000Z,2018-12-25T00:00:00.0000000Z,2018-12-24T00:00:00.0000000Z,17525,298376.66667259,34.124,-0.7294149987095988,0.532046240342524
2018-12-25,31.916999999999998,33.919000000000004,30.676,33.789,2018-12-25T23:59:21.0000000Z,2018-12-25T00:00:00.0000000Z,2018-12-26T00:00:00.0000000Z,2018-12-25T00:00:00.0000000Z,11366,198502.2142354,33.876,-5.9568015857013545,35.48348513141417
2018-12-26,31.531,33.056999999999995,29.749000000000002,31.899,2018-12-26T23:58:03.0000000Z,2018-12-26T00:00:00.0000000Z,2018-12-27T00:00:00.0000000Z,2018-12-26T00:00:00.0000000Z,10316,177332.60834866,31.916999999999998,-1.2167594322108233,1.480503515874005
2018-12-27,28.688000000000002,32.207,28.22,31.487,2018-12-27T23:56:55.0000000Z,2018-12-27T00:00:30.0000000Z,2018-12-28T00:00:00.0000000Z,2018-12-27T00:00:00.0000000Z,10262,156884.80144209,31.531,-9.449227201745325,89.28789471020379
2018-12-28,33.466,34.95,28.641,28.739,2018-12-28T23:59:51.0000000Z,2018-12-28T00:00:32.0000000Z,2018-12-29T00:00:00.0000000Z,2018-12-28T00:00:00.0000000Z,14062,234537.81074004,28.688000000000002,15.405108120960476,237.3173562184824
2018-12-29,31.9,34.671,31.454,33.417,2018-12-29T23:59:55.0000000Z,2018-12-29T00:00:05.0000000Z,2018-12-30T00:00:00.0000000Z,2018-12-29T00:00:00.0000000Z,10705,169574.52042591,33.466,-4.792398828158317,22.967086528133215
2018-12-30,32.872,33.176,31.3,31.816,2018-12-30T23:54:51.0000000Z,2018-12-30T00:00:00.0000000Z,2018-12-31T00:00:00.0000000Z,2018-12-30T00:00:00.0000000Z,7623,125156.53391341,31.9,3.00152217903098,9.009135391214881
2018-12-31,30.961,32.937,30.557,32.821999999999996,2018-12-31T23:59:34.0000000Z,2018-12-31T00:00:03.0000000Z,2019-01-01T00:00:00.0000000Z,2018-12-31T00:00:00.0000000Z,6951,89757.53943255,32.872,-5.989288363960554,35.87157510667329
2019-01-01,32.94,33.339,30.73,30.995,2019-01-01T23:59:59.0000000Z,2019-01-01T00:00:23.0000000Z,2019-01-02T00:00:00.0000000Z,2019-01-01T00:00:00.0000000Z,7294,103215.19644985,30.961,6.195937680799091,38.38964374434602
2019-01-02,34.289,35.0,32.589,32.94,2019-01-02T23:59:47.0000000Z,2019-01-02T00:00:00.0000000Z,2019-01-03T00:00:00.0000000Z,2019-01-02T00:00:00.0000000Z,8382,102844.58802343,32.94,4.013687827879675,16.109689979669465
2019-01-03,32.75,34.427,32.0,34.34,2019-01-03T23:59:59.0000000Z,2019-01-03T00:00:02.0000000Z,2019-01-04T00:00:00.0000000Z,2019-01-03T00:00:00.0000000Z,6025,87700.60344443,34.289,-4.592164094703,21.08797107267942
2019-01-04,33.135,33.888000000000005,32.0,32.748000000000005,2019-01-04T23:59:58.0000000Z,2019-01-04T00:00:04.0000000Z,2019-01-05T00:00:00.0000000Z,2019-01-04T00:00:00.0000000Z,7252,99562.75743696,32.75,1.1687163458929284,1.365897897157319
2019-01-05,35.61,37.452,33.135999999999996,33.137,2019-01-05T23:59:13.0000000Z,2019-01-05T00:00:03.0000000Z,2019-01-06T00:00:00.0000000Z,2019-01-05T00:00:00.0000000Z,18813,304606.85959752,33.135,7.203637174949629,51.89238854831627
2019-01-06,40.079,41.4,35.221,35.614000000000004,2019-01-06T23:59:59.0000000Z,2019-01-06T00:00:03.0000000Z,2019-01-07T00:00:00.0000000Z,2019-01-06T00:00:00.0000000Z,27891,547288.48294698,35.61,11.822600907586356,139.77389222006173
2019-01-07,38.650999999999996,40.972,38.222,40.079,2019-01-07T23:58:57.0000000Z,2019-01-07T00:00:03.0000000Z,2019-01-08T00:00:00.0000000Z,2019-01-07T00:00:00.0000000Z,8190,154268.48574789,40.079,-3.6279858445609214,13.162281288334423
2019-01-08,40.159,42.229,38.482,38.650999999999996,2019-01-08T23:59:28.0000000Z,2019-01-08T00:00:03.0000000Z,2019-01-09T00:00:00.0000000Z,2019-01-08T00:00:00.0000000Z,16881,307976.79516741,38.650999999999996,3.8273926755106658,14.648934692552693
2019-01-09,39.329,41.3,39.1,40.155,2019-01-09T23:59:59.0000000Z,2019-01-09T00:00:03.0000000Z,2019-01-10T00:00:00.0000000Z,2019-01-09T00:00:00.0000000Z,12246,182557.81333601,40.159,-2.0884414438121723,4.361587664232271
2019-01-10,34.016,40.109,32.732,39.329,2019-01-10T23:59:45.0000000Z,2019-01-10T00:00:03.0000000Z,2019-01-11T00:00:00.0000000Z,2019-01-10T00:00:00.0000000Z,21371,360297.83145889,39.329,-14.513115807738819,210.63053044883839
2019-01-11,32.473,34.398,31.642,33.98,2019-01-11T23:59:59.0000000Z,2019-01-11T00:00:03.0000000Z,2019-01-12T00:00:00.0000000Z,2019-01-11T00:00:00.0000000Z,11082,171729.26363621,34.016,-4.642202733461742,21.55004621855967
2019-01-12,32.685,33.118,32.157,32.538000000000004,2019-01-12T23:57:44.0000000Z,2019-01-12T00:00:03.0000000Z,2019-01-13T00:00:00.0000000Z,2019-01-12T00:00:00.0000000Z,6630,74638.69839157,32.473,0.6507282239772927,0.4234472214806416
2019-01-13,30.51,33.852,30.189,32.684,2019-01-13T23:59:44.0000000Z,2019-01-13T00:00:01.0000000Z,2019-01-14T00:00:00.0000000Z,2019-01-13T00:00:00.0000000Z,10324,145603.97373952,32.685,-6.886175833611485,47.419417611414836
2019-01-14,32.8,33.7,30.410999999999998,30.539,2019-01-14T23:59:12.0000000Z,2019-01-14T00:00:03.0000000Z,2019-01-15T00:00:00.0000000Z,2019-01-14T00:00:00.0000000Z,9535,147247.25596956,30.51,7.237401666151966,52.37998287721925
2019-01-15,31.639,33.342,30.925,32.797,2019-01-15T23:59:58.0000000Z,2019-01-15T00:00:03.0000000Z,2019-01-16T00:00:00.0000000Z,2019-01-15T00:00:00.0000000Z,8949,137847.97940963,32.8,-3.6037978552689864,12.987358981641346
2019-01-16,31.98,32.724000000000004,31.304000000000002,31.604,2019-01-16T23:58:47.0000000Z,2019-01-16T00:00:03.0000000Z,2019-01-17T00:00:00.0000000Z,2019-01-16T00:00:00.0000000Z,5704,81084.45035275,31.639,1.0720170568400356,1.1492205701559721
2019-01-17,32.326,32.408,30.519000000000002,32.022,2019-01-17T23:59:37.0000000Z,2019-01-17T00:00:01.0000000Z,2019-01-18T00:00:00.0000000Z,2019-01-17T00:00:00.0000000Z,8761,133913.51958796,31.98,1.0761152581808542,1.1580240488896465
2019-01-18,31.453000000000003,32.405,30.901999999999997,32.359,2019-01-18T23:56:05.0000000Z,2019-01-18T00:00:01.0000000Z,2019-01-19T00:00:00.0000000Z,2019-01-18T00:00:00.0000000Z,5412,67595.88033593,32.326,-2.737749188330252,7.4952706182029525
2019-01-19,32.889,34.25,31.487,31.487,2019-01-19T23:59:17.0000000Z,2019-01-19T00:00:04.0000000Z,2019-01-20T00:00:00.0000000Z,2019-01-19T00:00:00.0000000Z,9182,158441.30151366,31.453000000000003,4.46438872561985,19.93076669344163
2019-01-20,30.98,33.839,30.604,32.863,2019-01-20T23:59:59.0000000Z,2019-01-20T00:00:03.0000000Z,2019-01-21T00:00:00.0000000Z,2019-01-20T00:00:00.0000000Z,9195,162975.42552959,32.889,-5.979642037179023,35.75611889279849
2019-01-21,31.298000000000002,31.634,30.771,30.993000000000002,2019-01-21T23:59:41.0000000Z,2019-01-21T00:00:00.0000000Z,2019-01-22T00:00:00.0000000Z,2019-01-21T00:00:00.0000000Z,5810,83039.02494045,30.98,1.0212362752257675,1.0429235298369997
2019-01-22,32.061,32.663000000000004,29.768,31.296999999999997,2019-01-22T23:57:39.0000000Z,2019-01-22T00:00:03.0000000Z,2019-01-23T00:00:00.0000000Z,2019-01-22T00:00:00.0000000Z,11411,230810.43894868,31.298000000000002,2.4086140469889106,5.801421627352298
2019-01-23,32.304,32.85,31.801,32.06,2019-01-23T23:52:33.0000000Z,2019-01-23T00:00:14.0000000Z,2019-01-24T00:00:00.0000000Z,2019-01-23T00:00:00.0000000Z,6446,91490.31511867,32.061,0.7550723359612377,0.5701342325339602
2019-01-24,33.244,33.85,31.46,32.31,2019-01-24T23:58:57.0000000Z,2019-01-24T00:00:03.0000000Z,2019-01-25T00:00:00.0000000Z,2019-01-24T00:00:00.0000000Z,8828,144505.06777395,32.304,2.868323812029816,8.227281490657255
2019-01-25,32.7,33.678000000000004,32.505,33.244,2019-01-25T17:03:10.0000000Z,2019-01-25T00:00:24.0000000Z,2019-01-26T00:00:00.0000000Z,2019-01-25T00:00:00.0000000Z,5497,79348.37328349,33.244,-1.6499221787571905,2.7222431959548743
2019-01-26,33.4,34.725,33.4,33.51,2019-01-26T23:58:57.0000000Z,2019-01-26T05:11:03.1620000Z,2019-01-27T00:00:00.0000000Z,2019-01-26T00:00:00.0000000Z,7272,115789.19856917,32.7,2.1180822079446493,4.48627223961168
2019-01-27,32.603,33.753,31.701,33.400999999999996,2019-01-27T23:59:37.0000000Z,2019-01-27T00:00:00.0000000Z,2019-01-28T00:00:00.0000000Z,2019-01-27T00:00:00.0000000Z,9025,156603.97452424,33.4,-2.4151591304113484,5.8329936252093
2019-01-28,31.509,32.945,30.383000000000003,32.611,2019-01-28T23:58:45.0000000Z,2019-01-28T00:00:00.0000000Z,2019-01-29T00:00:00.0000000Z,2019-01-28T00:00:00.0000000Z,10607,166574.25396804,32.603,-3.413108936979281,11.649312615687839
2019-01-29,31.423000000000002,31.84,30.531999999999996,31.514,2019-01-29T23:58:16.0000000Z,2019-01-29T00:00:00.0000000Z,2019-01-30T00:00:00.0000000Z,2019-01-29T00:00:00.0000000Z,7176,84875.08284822,31.509,-0.27331104536396644,0.07469892751794412
2019-01-30,32.333,32.619,31.081,31.421999999999997,2019-01-30T23:59:41.0000000Z,2019-01-30T00:00:22.0000000Z,2019-01-31T00:00:00.0000000Z,2019-01-30T00:00:00.0000000Z,6532,90061.26163265,31.423000000000002,2.854827164867313,8.15003814126434
2019-01-31,32.038000000000004,33.085,31.694000000000003,32.343,2019-01-31T23:59:59.0000000Z,2019-01-31T00:01:35.0000000Z,2019-02-01T00:00:00.0000000Z,2019-01-31T00:00:00.0000000Z,5772,77311.03163552,32.333,-0.9165682224489657,0.8400973064032567
2019-02-01,33.34,34.198,31.266,32.049,2019-02-01T23:59:59.0000000Z,2019-02-01T00:00:00.0000000Z,2019-02-02T00:00:00.0000000Z,2019-02-01T00:00:00.0000000Z,11957,206228.90802372,32.038000000000004,3.9835179043356206,15.868414894162454
2019-02-02,35.129,35.566,33.18,33.34,2019-02-02T23:59:19.0000000Z,2019-02-02T00:00:00.0000000Z,2019-02-03T00:00:00.0000000Z,2019-02-02T00:00:00.0000000Z,10501,159017.36726286,33.34,5.226912285109897,27.320612036232767
2019-02-03,33.835,35.475,33.255,35.150999999999996,2019-02-03T23:59:12.0000000Z,2019-02-03T00:00:00.0000000Z,2019-02-04T00:00:00.0000000Z,2019-02-03T00:00:00.0000000Z,11549,190886.38803757,35.129,-3.753123048955853,14.085932620603678
2019-02-04,34.39,34.871,33.78,33.825,2019-02-04T23:59:42.0000000Z,2019-02-04T00:00:47.0000000Z,2019-02-05T00:00:00.0000000Z,2019-02-04T00:00:00.0000000Z,6433,102897.40612408,33.835,1.627005475998633,2.647146818929538
2019-02-05,34.757,34.867,33.988,34.387,2019-02-05T23:59:43.0000000Z,2019-02-05T00:00:01.0000000Z,2019-02-06T00:00:00.0000000Z,2019-02-05T00:00:00.0000000Z,5211,80595.99455991,34.39,1.0615166129466225,1.1268175195616694
2019-02-06,33.27,35.007,32.66,34.757,2019-02-06T23:58:23.0000000Z,2019-02-06T00:00:16.0000000Z,2019-02-07T00:00:00.0000000Z,2019-02-06T00:00:00.0000000Z,9684,163012.053803,34.757,-4.372490054325562,19.118669275175954
2019-02-07,33.648,34.001999999999995,33.224000000000004,33.227,2019-02-07T23:59:02.0000000Z,2019-02-07T00:03:50.0000000Z,2019-02-08T00:00:00.0000000Z,2019-02-07T00:00:00.0000000Z,4923,71834.00844198,33.27,1.129752892995839,1.2763415992324674
2019-02-08,43.81100000000001,48.9,33.273,33.554,2019-02-08T23:59:47.0000000Z,2019-02-08T00:02:12.0000000Z,2019-02-09T00:00:00.0000000Z,2019-02-08T00:00:00.0000000Z,44668,904650.61299681,33.648,26.393130844380728,696.5973557686013
2019-02-09,45.341,46.498999999999995,42.978,43.803000000000004,2019-02-09T23:59:47.0000000Z,2019-02-09T00:00:11.0000000Z,2019-02-10T00:00:00.0000000Z,2019-02-09T00:00:00.0000000Z,20441,297177.86367274,43.81100000000001,3.4326773012072653,11.783273454223595
2019-02-10,47.602,48.1,42.841,45.338,2019-02-10T23:59:58.0000000Z,2019-02-10T00:00:01.0000000Z,2019-02-11T00:00:00.0000000Z,2019-02-10T00:00:00.0000000Z,22517,347033.33507226,45.341,4.866307674519188,23.680950383084348
2019-02-11,43.511,47.651,42.394,47.602,2019-02-11T23:59:42.0000000Z,2019-02-11T00:00:02.0000000Z,2019-02-12T00:00:00.0000000Z,2019-02-11T00:00:00.0000000Z,20316,333534.28356904,47.602,-8.986099747068943,80.74998866427252
2019-02-12,44.718999999999994,45.632,42.5,43.511,2019-02-12T23:59:32.0000000Z,2019-02-12T00:00:22.0000000Z,2019-02-13T00:00:00.0000000Z,2019-02-12T00:00:00.0000000Z,13880,223163.72113703,43.511,2.7384687546527786,7.49921112020954
2019-02-13,42.325,45.568000000000005,41.223,44.699,2019-02-13T23:59:41.0000000Z,2019-02-13T00:00:26.0000000Z,2019-02-14T00:00:00.0000000Z,2019-02-13T00:00:00.0000000Z,13756,231388.95392002,44.718999999999994,-5.502053921805494,30.27259735845522
2019-02-14,42.015,43.066,41.022,42.251999999999995,2019-02-14T23:59:17.0000000Z,2019-02-14T00:00:13.0000000Z,2019-02-15T00:00:00.0000000Z,2019-02-14T00:00:00.0000000Z,9736,145854.93874004,42.325,-0.7351230639017547,0.5404059190803034
2019-02-15,43.335,45.49,41.897,42.02,2019-02-15T23:59:17.0000000Z,2019-02-15T00:00:18.0000000Z,2019-02-16T00:00:00.0000000Z,2019-02-15T00:00:00.0000000Z,13687,239097.41077768,42.015,3.093392520612648,9.56907728658227
2019-02-16,44.096000000000004,45.14,42.88,43.346000000000004,2019-02-16T23:59:53.0000000Z,2019-02-16T00:01:09.0000000Z,2019-02-17T00:00:00.0000000Z,2019-02-16T00:00:00.0000000Z,11395,190595.12362642,43.335,1.7408452804885233,3.0305422905991652
2019-02-17,44.801,46.333,43.225,44.092,2019-02-17T23:59:49.0000000Z,2019-02-17T00:00:00.0000000Z,2019-02-18T00:00:00.0000000Z,2019-02-17T00:00:00.0000000Z,12048,215729.39712719,44.096000000000004,1.5861385209197998,2.51583540754565
2019-02-18,48.828,50.352,44.357,44.723,2019-02-18T23:59:43.0000000Z,2019-02-18T00:00:17.0000000Z,2019-02-19T00:00:00.0000000Z,2019-02-18T00:00:00.0000000Z,21956,393088.04043313,44.801,8.607345820716183,74.08640207740035
2019-02-19,48.108000000000004,50.386,47.496,48.879,2019-02-19T23:59:42.0000000Z,2019-02-19T00:00:15.0000000Z,2019-02-20T00:00:00.0000000Z,2019-02-19T00:00:00.0000000Z,13239,214929.90776943,48.828,-1.4855435359182767,2.2068395971085764
2019-02-20,52.56,53.792,47.222,48.106,2019-02-20T23:59:43.0000000Z,2019-02-20T00:00:01.0000000Z,2019-02-21T00:00:00.0000000Z,2019-02-20T00:00:00.0000000Z,20029,353236.34240934,48.108000000000004,8.850689072798446,78.3346970633538
2019-02-21,49.777,52.8,48.701,52.614,2019-02-21T23:59:57.0000000Z,2019-02-21T00:01:07.0000000Z,2019-02-22T00:00:00.0000000Z,2019-02-21T00:00:00.0000000Z,13116,222848.29840013,52.56,-5.440234421966084,29.596150565944647
2019-02-22,50.44,50.99,48.843,49.8,2019-02-22T23:59:43.0000000Z,2019-02-22T00:00:22.0000000Z,2019-02-23T00:00:00.0000000Z,2019-02-22T00:00:00.0000000Z,9912,161712.65744736,49.777,1.3231481140024481,1.7507209315882355
2019-02-23,52.595,53.43,48.96,50.44,2019-02-23T23:59:43.0000000Z,2019-02-23T00:01:07.0000000Z,2019-02-24T00:00:00.0000000Z,2019-02-23T00:00:00.0000000Z,13848,222447.24709345,50.44,4.1836547094519005,17.502966727919066
2019-02-24,44.75899999999999,54.8,43.3,52.596000000000004,2019-02-24T23:59:49.0000000Z,2019-02-24T00:00:21.0000000Z,2019-02-25T00:00:00.0000000Z,2019-02-24T00:00:00.0000000Z,31038,478101.01209691,52.595,-16.13285163733145,260.268901952148
2019-02-25,46.486999999999995,47.86,44.528999999999996,44.641000000000005,2019-02-25T23:59:51.0000000Z,2019-02-25T00:00:21.0000000Z,2019-02-26T00:00:00.0000000Z,2019-02-25T00:00:00.0000000Z,12176,196338.4990951,44.75899999999999,3.788016179596676,14.349066576886196
2019-02-26,45.879,46.998999999999995,45.17100000000001,46.522,2019-02-26T23:59:38.0000000Z,2019-02-26T00:00:52.0000000Z,2019-02-27T00:00:00.0000000Z,2019-02-26T00:00:00.0000000Z,7544,93480.50822934,46.486999999999995,-1.3165207579794114,1.7332269061906838
2019-02-27,46.126999999999995,46.708999999999996,43.535,45.851000000000006,2019-02-27T23:59:04.0000000Z,2019-02-27T00:00:11.0000000Z,2019-02-28T00:00:00.0000000Z,2019-02-27T00:00:00.0000000Z,9415,151977.71577798,45.879,0.5390965820163185,0.29062512474167723
2019-02-28,46.62,47.881,45.727,46.15,2019-02-28T23:59:36.0000000Z,2019-02-28T00:00:09.0000000Z,2019-03-01T00:00:00.0000000Z,2019-02-28T00:00:00.0000000Z,9855,165464.01394414,46.126999999999995,1.0631171753352042,1.1302181284927033
2019-03-01,48.153,49.983000000000004,46.58,46.621,2019-03-01T23:59:46.0000000Z,2019-03-01T00:01:23.0000000Z,2019-03-02T00:00:00.0000000Z,2019-03-01T00:00:00.0000000Z,11309,176810.68332755,46.62,3.2353807991579497,10.467688915559933
2019-03-02,49.57,50.388999999999996,47.57,48.151,2019-03-02T23:59:23.0000000Z,2019-03-02T00:00:00.0000000Z,2019-03-03T00:00:00.0000000Z,2019-03-02T00:00:00.0000000Z,10822,154056.54273254,48.153,2.9002370433292235,8.411374907499036
2019-03-03,48.881,50.126000000000005,48.2,49.644,2019-03-03T23:59:50.0000000Z,2019-03-03T00:00:23.0000000Z,2019-03-04T00:00:00.0000000Z,2019-03-03T00:00:00.0000000Z,8609,115752.6106949,49.57,-1.3997039113271104,1.9591710393844113
2019-03-04,46.823,49.205,45.751000000000005,48.902,2019-03-04T23:55:01.0000000Z,2019-03-04T00:00:12.0000000Z,2019-03-05T00:00:00.0000000Z,2019-03-04T00:00:00.0000000Z,10900,167871.59035285,48.881,-4.301423772762725,18.502246472888313
2019-03-05,53.842,55.615,46.441,46.879,2019-03-05T23:59:22.0000000Z,2019-03-05T00:01:06.0000000Z,2019-03-06T00:00:00.0000000Z,2019-03-05T00:00:00.0000000Z,23409,433626.09692302,46.823,13.967929655747735,195.10305886791704
2019-03-06,56.6,58.06,52.4,53.839,2019-03-06T23:59:54.0000000Z,2019-03-06T00:00:07.0000000Z,2019-03-07T00:00:00.0000000Z,2019-03-06T00:00:00.0000000Z,21267,361797.06864231,53.842,4.995515346007551,24.95517357219694
2019-03-07,58.0,60.676,54.997,56.599,2019-03-07T23:59:51.0000000Z,2019-03-07T00:00:01.0000000Z,2019-03-08T00:00:00.0000000Z,2019-03-07T00:00:00.0000000Z,28858,528419.10431722,56.6,2.4434025337281895,5.970215941829336
2019-03-08,56.703,58.79,55.248999999999995,58.023999999999994,2019-03-08T23:59:31.0000000Z,2019-03-08T00:00:01.0000000Z,2019-03-09T00:00:00.0000000Z,2019-03-08T00:00:00.0000000Z,19174,310116.67090187,58.0,-2.2615891159490253,5.114785329379094
2019-03-09,59.003,60.853,56.474,56.658,2019-03-09T23:59:37.0000000Z,2019-03-09T00:00:22.0000000Z,2019-03-10T00:00:00.0000000Z,2019-03-09T00:00:00.0000000Z,18207,282127.47904732,56.703,3.976117068372975,15.809506941406903
2019-03-10,57.805,59.16,56.96,58.916000000000004,2019-03-10T23:59:43.0000000Z,2019-03-10T00:00:33.0000000Z,2019-03-11T00:00:00.0000000Z,2019-03-10T00:00:00.0000000Z,10648,167884.06444203,59.003,-2.051301294337371,4.207837000150174
2019-03-11,55.968,58.476000000000006,55.0,57.81100000000001,2019-03-11T23:59:57.0000000Z,2019-03-11T00:00:43.0000000Z,2019-03-12T00:00:00.0000000Z,2019-03-11T00:00:00.0000000Z,13540,241643.50446779,57.805,-3.2295178291093407,10.429785408535109
2019-03-12,57.645,58.06,53.43600000000001,55.968,2019-03-12T23:59:32.0000000Z,2019-03-12T00:00:12.0000000Z,2019-03-13T00:00:00.0000000Z,2019-03-12T00:00:00.0000000Z,18987,324928.08612201,55.968,2.9523413848725255,8.716319652831022
2019-03-13,56.411,57.88,55.571999999999996,57.672,2019-03-13T23:59:06.0000000Z,2019-03-13T00:00:05.0000000Z,2019-03-14T00:00:00.0000000Z,2019-03-13T00:00:00.0000000Z,10526,173715.52713675,57.645,-2.1639337736853115,4.682609376895953
2019-03-14,57.01,59.5,54.093,56.379,2019-03-14T23:59:59.0000000Z,2019-03-14T00:00:14.0000000Z,2019-03-15T00:00:00.0000000Z,2019-03-14T00:00:00.0000000Z,13379,239104.6225336,56.411,1.0562516095427021,1.1156674626615488
2019-03-15,59.641000000000005,60.497,57.013000000000005,57.038000000000004,2019-03-15T23:59:47.0000000Z,2019-03-15T00:00:48.0000000Z,2019-03-16T00:00:00.0000000Z,2019-03-15T00:00:00.0000000Z,13342,218989.93241661,57.01,4.511656598276659,20.355045260773313
2019-03-16,62.4,63.688,59.601000000000006,59.688,2019-03-16T23:59:42.0000000Z,2019-03-16T00:00:22.0000000Z,2019-03-17T00:00:00.0000000Z,2019-03-16T00:00:00.0000000Z,16221,256633.6704901,59.641000000000005,4.522201834912476,20.450309435685764
2019-03-17,61.843999999999994,62.638999999999996,61.042,62.458,2019-03-17T23:58:39.0000000Z,2019-03-17T00:00:28.0000000Z,2019-03-18T00:00:00.0000000Z,2019-03-17T00:00:00.0000000Z,8034,108148.30859516,62.4,-0.8950190135033509,0.8010590345325114
2019-03-18,60.36600000000001,64.2,59.2,61.812,2019-03-18T23:59:50.0000000Z,2019-03-18T00:00:06.0000000Z,2019-03-19T00:00:00.0000000Z,2019-03-18T00:00:00.0000000Z,13197,233393.34779503,61.843999999999994,-2.418905270238003,5.851102706385187
2019-03-19,60.773,61.50899999999999,59.672,60.349,2019-03-19T23:59:30.0000000Z,2019-03-19T00:00:53.0000000Z,2019-03-20T00:00:00.0000000Z,2019-03-19T00:00:00.0000000Z,10639,243202.06697643,60.36600000000001,0.6719578854527342,0.4515273998221098
2019-03-20,61.55,62.178999999999995,58.188,60.833999999999996,2019-03-20T23:59:29.0000000Z,2019-03-20T00:00:49.0000000Z,2019-03-21T00:00:00.0000000Z,2019-03-20T00:00:00.0000000Z,12266,225759.7133394,60.773,1.2704241237966762,1.6139774543245526
2019-03-21,59.361000000000004,61.9,58.218999999999994,61.6,2019-03-21T23:59:54.0000000Z,2019-03-21T00:00:18.0000000Z,2019-03-22T00:00:00.0000000Z,2019-03-21T00:00:00.0000000Z,9478,186602.25426865,61.55,-3.6212407552049797,13.113384607157531
2019-03-22,60.07,60.628,59.04600000000001,59.45399999999999,2019-03-22T23:59:58.0000000Z,2019-03-22T00:00:07.0000000Z,2019-03-23T00:00:00.0000000Z,2019-03-22T00:00:00.0000000Z,6516,141607.89391479,59.361000000000004,1.187310378365769,1.4097059345750655
2019-03-23,61.8,62.516999999999996,59.858999999999995,60.074,2019-03-23T23:59:47.0000000Z,2019-03-23T00:00:19.0000000Z,2019-03-24T00:00:00.0000000Z,2019-03-23T00:00:00.0000000Z,8250,125622.11999639,60.07,2.8392815601574917,8.06151977785036
2019-03-24,60.565,61.81,59.75,61.809,2019-03-24T23:59:34.0000000Z,2019-03-24T00:00:07.0000000Z,2019-03-25T00:00:00.0000000Z,2019-03-24T00:00:00.0000000Z,6671,82467.79706192,61.8,-2.0186195994879697,4.074825087436971
2019-03-25,59.604,61.35,58.9,60.577,2019-03-25T23:58:06.0000000Z,2019-03-25T00:00:19.0000000Z,2019-03-26T00:00:00.0000000Z,2019-03-25T00:00:00.0000000Z,8988,180373.37127705,60.565,-1.5994482555552025,2.5582347221985806
2019-03-26,59.597,59.898,58.031000000000006,59.599,2019-03-26T23:59:46.0000000Z,2019-03-26T00:00:15.0000000Z,2019-03-27T00:00:00.0000000Z,2019-03-26T00:00:00.0000000Z,7437,154332.11979031,59.604,-0.011744867925678193,0.00013794192259162437
2019-03-27,62.376999999999995,62.77,59.43899999999999,59.598,2019-03-27T23:59:49.0000000Z,2019-03-27T00:00:01.0000000Z,2019-03-28T00:00:00.0000000Z,2019-03-27T00:00:00.0000000Z,9507,197827.03028176,59.597,4.559138045193922,20.78573971513466
2019-03-28,61.538999999999994,62.325,61.227,62.286,2019-03-28T23:52:50.0000000Z,2019-03-28T00:00:17.0000000Z,2019-03-29T00:00:00.0000000Z,2019-03-28T00:00:00.0000000Z,4687,62349.24423636,62.376999999999995,-1.3525497517786533,1.8293908310364968
2019-03-29,62.583999999999996,63.012,61.055,61.538999999999994,2019-03-29T23:59:36.0000000Z,2019-03-29T00:00:32.0000000Z,2019-03-30T00:00:00.0000000Z,2019-03-29T00:00:00.0000000Z,7160,115659.83697399,61.538999999999994,1.6838534214669743,2.8353623449860357
2019-03-30,61.43899999999999,62.836000000000006,60.611999999999995,62.568999999999996,2019-03-30T23:59:58.0000000Z,2019-03-30T00:00:01.0000000Z,2019-03-31T00:00:00.0000000Z,2019-03-30T00:00:00.0000000Z,5446,79425.44877542,62.583999999999996,-1.8464841717485747,3.40950379651802
2019-03-31,61.486999999999995,61.76,60.88,61.45399999999999,2019-03-31T23:59:23.0000000Z,2019-03-31T00:00:14.0000000Z,2019-04-01T00:00:00.0000000Z,2019-03-31T00:00:00.0000000Z,3612,41259.65056894,61.43899999999999,0.07809576890096537,0.00609894912023299
2019-04-01,61.226000000000006,61.918,60.8,61.486000000000004,2019-04-01T23:59:39.0000000Z,2019-04-01T00:00:04.0000000Z,2019-04-02T00:00:00.0000000Z,2019-04-01T00:00:00.0000000Z,3982,66384.68219517,61.486999999999995,-0.4253834452233818,0.18095107547011385
2019-04-02,77.767,79.667,60.957,61.215,2019-04-02T23:59:59.0000000Z,2019-04-02T00:00:08.0000000Z,2019-04-03T00:00:00.0000000Z,2019-04-02T00:00:00.0000000Z,40989,683384.66380028,61.226000000000006,23.914524077463728,571.9044618515924
2019-04-03,85.4,99.43,77.528,77.775,2019-04-03T23:59:58.0000000Z,2019-04-03T00:00:00.0000000Z,2019-04-04T00:00:00.0000000Z,2019-04-03T00:00:00.0000000Z,64951,1153636.88270302,77.767,9.362892411781765,87.66375431460055
2019-04-04,85.58,90.572,81.382,85.399,2019-04-04T23:59:01.0000000Z,2019-04-04T00:00:00.0000000Z,2019-04-05T00:00:00.0000000Z,2019-04-04T00:00:00.0000000Z,26847,389530.40092627,85.4,0.21055101941467314,0.04433173177655806
2019-04-05,89.40799999999999,91.374,85.042,85.462,2019-04-05T23:59:46.0000000Z,2019-04-05T00:00:01.0000000Z,2019-04-06T00:00:00.0000000Z,2019-04-05T00:00:00.0000000Z,11956,157730.63050738,85.58,4.375855264582551,19.148109296574827
2019-04-06,92.94,98.8,86.258,89.49799999999999,2019-04-06T23:59:58.0000000Z,2019-04-06T00:00:36.0000000Z,2019-04-07T00:00:00.0000000Z,2019-04-06T00:00:00.0000000Z,27132,402326.0404362,89.40799999999999,3.87439600223356,15.010944382123391
2019-04-07,92.744,96.632,89.801,92.95700000000001,2019-04-07T23:59:54.0000000Z,2019-04-07T00:00:24.0000000Z,2019-04-08T00:00:00.0000000Z,2019-04-07T00:00:00.0000000Z,13067,162241.64085023,92.94,-0.21111142887315637,0.04456803540086576
2019-04-08,89.902,94.75399999999999,87.02,92.794,2019-04-08T23:59:42.0000000Z,2019-04-08T00:00:00.0000000Z,2019-04-09T00:00:00.0000000Z,2019-04-08T00:00:00.0000000Z,18492,181637.77006363,92.744,-3.1122821196939654,9.686299992566763
2019-04-09,87.23700000000001,90.435,84.4,89.802,2019-04-09T23:59:58.0000000Z,2019-04-09T00:01:11.0000000Z,2019-04-10T00:00:00.0000000Z,2019-04-09T00:00:00.0000000Z,12259,152378.23309795,89.902,-3.00916353244709,9.055065165009449
2019-04-10,88.23200000000001,92.48,85.965,87.322,2019-04-10T23:59:52.0000000Z,2019-04-10T00:00:01.0000000Z,2019-04-11T00:00:00.0000000Z,2019-04-10T00:00:00.0000000Z,13157,173314.2082989,87.23700000000001,1.1341156157155474,1.2862182298098552
2019-04-11,79.65899999999999,88.47399999999999,75.536,88.22399999999999,2019-04-11T23:59:38.0000000Z,2019-04-11T00:00:37.0000000Z,2019-04-12T00:00:00.0000000Z,2019-04-11T00:00:00.0000000Z,25233,385844.28542608,88.23200000000001,-10.221468468088624,104.47841764412999
2019-04-12,79.497,81.817,75.85,79.615,2019-04-12T23:58:15.0000000Z,2019-04-12T00:00:16.0000000Z,2019-04-13T00:00:00.0000000Z,2019-04-12T00:00:00.0000000Z,9647,123122.87756334,79.65899999999999,-0.20357392237446703,0.04144234187092553
2019-04-13,78.46600000000001,82.0,76.633,79.367,2019-04-13T23:59:42.0000000Z,2019-04-13T00:00:53.0000000Z,2019-04-14T00:00:00.0000000Z,2019-04-13T00:00:00.0000000Z,8225,110891.57558894,79.497,-1.3053875153961059,1.7040365653520186
2019-04-14,84.271,84.645,76.633,78.48899999999999,2019-04-14T23:59:56.0000000Z,2019-04-14T00:00:23.0000000Z,2019-04-15T00:00:00.0000000Z,2019-04-14T00:00:00.0000000Z,9895,144929.61847435,78.46600000000001,7.137238638780108,50.940175386895724
2019-04-15,78.232,85.32700000000001,74.729,84.35,2019-04-15T23:59:48.0000000Z,2019-04-15T00:00:01.0000000Z,2019-04-16T00:00:00.0000000Z,2019-04-15T00:00:00.0000000Z,18072,235672.80157892,84.271,-7.435902532308081,55.292646469985726
2019-04-16,81.275,82.31,77.406,78.208,2019-04-16T23:59:39.0000000Z,2019-04-16T00:00:00.0000000Z,2019-04-17T00:00:00.0000000Z,2019-04-16T00:00:00.0000000Z,9561,130787.48015589,78.232,3.8159695179995623,14.561623362301813
2019-04-17,79.671,82.501,79.098,81.251,2019-04-17T23:59:18.0000000Z,2019-04-17T00:00:04.0000000Z,2019-04-18T00:00:00.0000000Z,2019-04-17T00:00:00.0000000Z,6916,75085.12735669,81.275,-1.9932811100391135,3.9731695836387604
2019-04-18,82.663,85.07700000000001,79.585,79.585,2019-04-18T23:59:23.0000000Z,2019-04-18T00:00:26.0000000Z,2019-04-19T00:00:00.0000000Z,2019-04-18T00:00:00.0000000Z,9592,128795.09569437,79.671,3.6866446584879142,13.59134883795747
2019-04-19,82.976,84.20700000000001,80.407,82.635,2019-04-19T23:59:15.0000000Z,2019-04-19T00:02:46.0000000Z,2019-04-20T00:00:00.0000000Z,2019-04-19T00:00:00.0000000Z,7453,88258.18590165,82.663,0.377930768179624,0.1428316655368407
2019-04-20,81.80199999999999,83.615,80.0,83.074,2019-04-20T23:59:14.0000000Z,2019-04-20T00:00:09.0000000Z,2019-04-21T00:00:00.0000000Z,2019-04-20T00:00:00.0000000Z,6887,61409.64183289,82.976,-1.4249716168695414,2.030544108883795
2019-04-21,77.61,82.5,74.0,81.855,2019-04-21T23:59:46.0000000Z,2019-04-21T00:00:48.0000000Z,2019-04-22T00:00:00.0000000Z,2019-04-21T00:00:00.0000000Z,13241,159227.25037266,81.80199999999999,-5.260540832151062,27.673289846728583
2019-04-22,77.366,78.842,75.484,77.568,2019-04-22T23:59:47.0000000Z,2019-04-22T00:00:26.0000000Z,2019-04-23T00:00:00.0000000Z,2019-04-22T00:00:00.0000000Z,10550,172859.81033807,77.61,-0.3148877266333727,0.09915428038433367
2019-04-23,74.38,80.47800000000001,74.2,77.32,2019-04-23T23:59:59.0000000Z,2019-04-23T00:01:29.0000000Z,2019-04-24T00:00:00.0000000Z,2019-04-23T00:00:00.0000000Z,14413,207696.98074932,77.366,-3.936031910278981,15.492347198734404
2019-04-24,73.756,75.34,70.6,74.372,2019-04-24T23:59:10.0000000Z,2019-04-24T00:00:17.0000000Z,2019-04-25T00:00:00.0000000Z,2019-04-24T00:00:00.0000000Z,14619,183703.01282842,74.38,-0.8424740654005447,0.7097625508725213
2019-04-25,71.75,75.133,70.25,73.694,2019-04-25T23:59:53.0000000Z,2019-04-25T00:00:21.0000000Z,2019-04-26T00:00:00.0000000Z,2019-04-25T00:00:00.0000000Z,11417,135023.65683747,73.756,-2.7574493203188055,7.6035267541266425
2019-04-26,75.37,76.54899999999999,70.5,71.751,2019-04-26T23:59:23.0000000Z,2019-04-26T00:00:04.0000000Z,2019-04-27T00:00:00.0000000Z,2019-04-26T00:00:00.0000000Z,13730,139927.66933021,71.75,4.922146321564824,24.22752441089413
2019-04-27,73.837,75.488,73.34,75.384,2019-04-27T23:59:58.0000000Z,2019-04-27T00:00:01.0000000Z,2019-04-28T00:00:00.0000000Z,2019-04-27T00:00:00.0000000Z,5408,40248.72861475,75.37,-2.054935687183601,4.222760678460739
2019-04-28,72.20100000000001,75.153,71.28,73.872,2019-04-28T23:59:48.0000000Z,2019-04-28T00:00:05.0000000Z,2019-04-29T00:00:00.0000000Z,2019-04-28T00:00:00.0000000Z,10250,88146.01980624,73.837,-2.2406064765165823,5.020317382608054
2019-04-29,70.939,72.845,68.834,72.22399999999999,2019-04-29T23:59:59.0000000Z,2019-04-29T00:00:07.0000000Z,2019-04-30T00:00:00.0000000Z,2019-04-29T00:00:00.0000000Z,8885,83829.07109631,72.20100000000001,-1.763354339176626,3.109418525493035
2019-04-30,78.277,78.55199999999999,70.94,70.94,2019-04-30T23:59:47.0000000Z,2019-04-30T00:00:03.0000000Z,2019-05-01T00:00:00.0000000Z,2019-04-30T00:00:00.0000000Z,14791,146752.87241991,70.939,9.843346500163008,96.89147032227135
2019-05-01,76.878,79.425,75.54,78.322,2019-05-01T23:59:30.0000000Z,2019-05-01T00:00:03.0000000Z,2019-05-02T00:00:00.0000000Z,2019-05-01T00:00:00.0000000Z,8562,74810.23891102,78.277,-1.8034068072746656,3.252276112524603
2019-05-02,76.861,78.309,75.957,76.774,2019-05-02T23:59:47.0000000Z,2019-05-02T00:00:24.0000000Z,2019-05-03T00:00:00.0000000Z,2019-05-02T00:00:00.0000000Z,7344,59926.49182103,76.878,-0.022115403468614403,0.0004890910705796019
2019-05-03,82.675,84.67,76.6,76.887,2019-05-03T23:59:42.0000000Z,2019-05-03T00:00:21.0000000Z,2019-05-04T00:00:00.0000000Z,2019-05-03T00:00:00.0000000Z,14949,149434.29100358,76.861,7.291866314704798,53.17131435152653
2019-05-04,81.179,86.65,78.066,82.681,2019-05-04T23:59:39.0000000Z,2019-05-04T00:00:53.0000000Z,2019-05-05T00:00:00.0000000Z,2019-05-04T00:00:00.0000000Z,14304,112491.20395155,82.675,-1.8260665837976475,3.334519168462411
2019-05-05,79.227,81.649,78.65,81.292,2019-05-05T23:58:57.0000000Z,2019-05-05T00:00:12.0000000Z,2019-05-06T00:00:00.0000000Z,2019-05-05T00:00:00.0000000Z,7163,46125.43409566,81.179,-2.43394432148909,5.924084960108986
2019-05-06,78.62100000000001,81.054,75.45,79.22800000000001,2019-05-06T23:59:47.0000000Z,2019-05-06T00:00:16.0000000Z,2019-05-07T00:00:00.0000000Z,2019-05-06T00:00:00.0000000Z,12933,117913.34856362,79.227,-0.7678310492345908,0.5895645201686925
2019-05-07,77.958,82.84200000000001,77.267,78.711,2019-05-07T23:59:59.0000000Z,2019-05-07T00:00:21.0000000Z,2019-05-08T00:00:00.0000000Z,2019-05-07T00:00:00.0000000Z,9973,97421.53997038,78.62100000000001,-0.8468619193988225,0.7171751105278578
2019-05-08,77.13,78.0,74.298,77.896,2019-05-08T23:59:47.0000000Z,2019-05-08T00:00:29.0000000Z,2019-05-09T00:00:00.0000000Z,2019-05-08T00:00:00.0000000Z,9726,132670.7657582,77.958,-1.067791018274633,1.1401776587079777
2019-05-09,75.207,78.59899999999999,74.07600000000001,77.12899999999999,2019-05-09T23:59:59.0000000Z,2019-05-09T00:00:15.0000000Z,2019-05-10T00:00:00.0000000Z,2019-05-09T00:00:00.0000000Z,10299,79524.10925531,77.13,-2.5247998215880862,6.374614139091232
2019-05-10,77.689,80.329,73.457,75.232,2019-05-10T23:59:56.0000000Z,2019-05-10T00:00:01.0000000Z,2019-05-11T00:00:00.0000000Z,2019-05-10T00:00:00.0000000Z,11039,104390.22670522,75.207,3.246936548000612,10.54259694674213
2019-05-11,87.053,94.5,77.32600000000001,77.72,2019-05-11T23:59:59.0000000Z,2019-05-11T00:00:03.0000000Z,2019-05-12T00:00:00.0000000Z,2019-05-11T00:00:00.0000000Z,35297,343017.5928381,77.689,11.380345136265735,129.51225542052717
2019-05-12,85.133,92.969,83.89200000000001,87.085,2019-05-12T23:59:26.0000000Z,2019-05-12T00:00:00.0000000Z,2019-05-13T00:00:00.0000000Z,2019-05-12T00:00:00.0000000Z,29257,274220.869476,87.053,-2.2302389076808815,4.9739655853336115
2019-05-13,87.16799999999999,91.978,84.41,85.07,2019-05-13T23:59:56.0000000Z,2019-05-13T00:00:05.0000000Z,2019-05-14T00:00:00.0000000Z,2019-05-13T00:00:00.0000000Z,20004,190810.67057410002,85.133,2.3622551591110152,5.580249436746608
2019-05-14,91.334,93.87,86.39,87.096,2019-05-14T23:59:55.0000000Z,2019-05-14T00:00:10.0000000Z,2019-05-15T00:00:00.0000000Z,2019-05-14T00:00:00.0000000Z,19651,185160.47122933,87.16799999999999,4.668582587640202,21.795663377617284
2019-05-15,101.8,104.0,90.166,91.363,2019-05-15T23:59:49.0000000Z,2019-05-15T00:00:07.0000000Z,2019-05-16T00:00:00.0000000Z,2019-05-15T00:00:00.0000000Z,29657,322378.47787147,91.334,10.848698715302785,117.6942638154123
2019-05-16,95.40899999999999,106.98,90.27,101.67,2019-05-16T23:59:59.0000000Z,2019-05-16T00:00:12.0000000Z,2019-05-17T00:00:00.0000000Z,2019-05-16T00:00:00.0000000Z,40986,325911.73512479,101.8,-6.483719048924197,42.03861270538249
2019-05-17,90.395,97.295,85.0,95.499,2019-05-17T23:59:52.0000000Z,2019-05-17T00:00:00.0000000Z,2019-05-18T00:00:00.0000000Z,2019-05-17T00:00:00.0000000Z,23307,243430.30044688,95.40899999999999,-5.398395749320262,29.14267666627907
2019-05-18,86.537,91.302,85.3,90.465,2019-05-18T23:59:48.0000000Z,2019-05-18T00:00:19.0000000Z,2019-05-19T00:00:00.0000000Z,2019-05-18T00:00:00.0000000Z,8354,44474.96458038,90.395,-4.36168879885015,19.02432917801486
2019-05-19,94.882,97.07,86.20200000000001,86.506,2019-05-19T23:59:52.0000000Z,2019-05-19T00:00:32.0000000Z,2019-05-20T00:00:00.0000000Z,2019-05-19T00:00:00.0000000Z,15643,135317.60036065,86.537,9.206194613978536,84.7540192704474
2019-05-20,91.512,94.821,87.00299999999999,94.821,2019-05-20T23:59:39.0000000Z,2019-05-20T00:00:07.0000000Z,2019-05-21T00:00:00.0000000Z,2019-05-20T00:00:00.0000000Z,11707,115431.60431509,94.882,-3.6163903061888547,13.078278846696719
2019-05-21,90.97200000000001,93.589,89.1,91.60600000000001,2019-05-21T23:59:52.0000000Z,2019-05-21T00:00:40.0000000Z,2019-05-22T00:00:00.0000000Z,2019-05-21T00:00:00.0000000Z,7501,61059.71185539,91.512,-0.5918344361205641,0.35026799977814604
2019-05-22,87.697,92.56200000000001,85.7,90.95,2019-05-22T23:59:30.0000000Z,2019-05-22T00:00:19.0000000Z,2019-05-23T00:00:00.0000000Z,2019-05-22T00:00:00.0000000Z,9602,81254.84634159,90.97200000000001,-3.6664075594775802,13.442544392194346
2019-05-23,88.742,89.772,84.63600000000001,87.5,2019-05-23T23:58:07.0000000Z,2019-05-23T00:00:37.0000000Z,2019-05-24T00:00:00.0000000Z,2019-05-23T00:00:00.0000000Z,7088,66004.38414375,87.697,1.184559218013348,1.4031805409803944
2019-05-24,100.85,104.0,88.426,88.97200000000001,2019-05-24T23:59:12.0000000Z,2019-05-24T00:02:25.0000000Z,2019-05-25T00:00:00.0000000Z,2019-05-24T00:00:00.0000000Z,23351,204358.11888286,88.742,12.79009809526963,163.58660928661985
2019-05-25,102.87,105.45,99.029,100.78,2019-05-25T23:59:42.0000000Z,2019-05-25T00:00:03.0000000Z,2019-05-26T00:00:00.0000000Z,2019-05-25T00:00:00.0000000Z,15729,135563.73703145,100.85,1.983179074271746,3.932999240629339
2019-05-26,112.31,115.0,99.25,102.86,2019-05-26T23:58:36.0000000Z,2019-05-26T00:00:06.0000000Z,2019-05-27T00:00:00.0000000Z,2019-05-26T00:00:00.0000000Z,24277,244810.35098105,102.87,8.779684983200653,77.08286840423905
2019-05-27,117.2,122.07,109.96,112.27,2019-05-27T23:59:46.0000000Z,2019-05-27T00:00:05.0000000Z,2019-05-28T00:00:00.0000000Z,2019-05-27T00:00:00.0000000Z,28640,296717.38177720003,112.31,4.261897216796751,18.16376788653989
2019-05-28,114.95,118.75,111.06,116.95,2019-05-28T23:59:59.0000000Z,2019-05-28T00:00:00.0000000Z,2019-05-29T00:00:00.0000000Z,2019-05-28T00:00:00.0000000Z,14954,128305.30053902,117.2,-1.9384625933722255,3.757637225903374
2019-05-29,115.59,118.71,108.95,114.95,2019-05-29T23:59:57.0000000Z,2019-05-29T00:00:03.0000000Z,2019-05-30T00:00:00.0000000Z,2019-05-29T00:00:00.0000000Z,15458,151000.23191278,114.95,0.555219609698554,0.30826881499381464
2019-05-30,107.8,121.0,102.01,115.58,2019-05-30T23:59:43.0000000Z,2019-05-30T00:00:21.0000000Z,2019-05-31T00:00:00.0000000Z,2019-05-30T00:00:00.0000000Z,26720,251998.21975436,115.59,-6.977178883127877,48.681025167165565
2019-05-31,114.29,114.69,104.23,107.67,2019-05-31T23:59:48.0000000Z,2019-05-31T00:00:14.0000000Z,2019-06-01T00:00:00.0000000Z,2019-05-31T00:00:00.0000000Z,13769,96576.24063874,107.8,5.846141943460914,34.177375623092956
2019-06-01,112.25,116.14,110.73,114.29,2019-06-01T23:59:57.0000000Z,2019-06-01T00:00:08.0000000Z,2019-06-02T00:00:00.0000000Z,2019-06-01T00:00:00.0000000Z,12410,97804.89615255,114.29,-1.8010551287142462,3.24379957666789
2019-06-02,114.62,116.97,111.32,112.37,2019-06-02T23:59:48.0000000Z,2019-06-02T00:00:40.0000000Z,2019-06-03T00:00:00.0000000Z,2019-06-02T00:00:00.0000000Z,10570,76381.21265166,112.25,2.089378250122742,4.365501472085971
2019-06-03,105.82,116.55,104.85,114.64,2019-06-03T23:59:55.0000000Z,2019-06-03T00:00:17.0000000Z,2019-06-04T00:00:00.0000000Z,2019-06-03T00:00:00.0000000Z,17921,142229.63673454,114.62,-7.988277164760582,63.81257206103537
2019-06-04,102.27,106.26,98.165,105.68,2019-06-04T23:59:51.0000000Z,2019-06-04T00:00:00.0000000Z,2019-06-05T00:00:00.0000000Z,2019-06-04T00:00:00.0000000Z,16092,169082.86342916,105.82,-3.4123162658064032,11.643902297886957
2019-06-05,103.98,105.8,99.88,102.42,2019-06-05T23:59:44.0000000Z,2019-06-05T00:00:26.0000000Z,2019-06-06T00:00:00.0000000Z,2019-06-05T00:00:00.0000000Z,7818,75552.73115728,102.27,1.6582198137648163,2.749692950762222
2019-06-06,111.29,112.16,101.09,103.89,2019-06-06T23:59:58.0000000Z,2019-06-06T00:00:17.0000000Z,2019-06-07T00:00:00.0000000Z,2019-06-06T00:00:00.0000000Z,11442,94819.02807713,103.98,6.794083402976447,46.159569286600025
2019-06-07,117.01,120.84,109.84,111.37,2019-06-07T23:59:56.0000000Z,2019-06-07T00:00:00.0000000Z,2019-06-08T00:00:00.0000000Z,2019-06-07T00:00:00.0000000Z,21556,196778.75333253,111.29,5.0119994245532595,25.120138231722205
2019-06-08,118.44,120.27,113.53,117.06,2019-06-08T23:59:24.0000000Z,2019-06-08T00:00:16.0000000Z,2019-06-09T00:00:00.0000000Z,2019-06-08T00:00:00.0000000Z,12592,113637.77392854,117.01,1.2147102002524335,1.475520870597307
2019-06-09,114.91,119.26,111.32,118.67,2019-06-09T23:59:27.0000000Z,2019-06-09T00:00:22.0000000Z,2019-06-10T00:00:00.0000000Z,2019-06-09T00:00:00.0000000Z,14422,133001.16931683,118.44,-3.0257289963848244,9.155035959563916
2019-06-10,129.8,130.91,112.6,114.77,2019-06-10T23:59:59.0000000Z,2019-06-10T00:00:03.0000000Z,2019-06-11T00:00:00.0000000Z,2019-06-10T00:00:00.0000000Z,25993,286582.96804959996,114.91,12.184559100044723,148.46348046248266
2019-06-11,136.02,138.83,124.9,129.79,2019-06-11T23:58:23.0000000Z,2019-06-11T00:00:00.0000000Z,2019-06-12T00:00:00.0000000Z,2019-06-11T00:00:00.0000000Z,26426,321718.03258955,129.8,4.680712947750276,21.90907369923708
2019-06-12,136.15,144.0,131.0,136.05,2019-06-12T23:59:29.0000000Z,2019-06-12T00:00:04.0000000Z,2019-06-13T00:00:00.0000000Z,2019-06-12T00:00:00.0000000Z,30497,371193.19010948,136.02,0.09552853722762933,0.009125701424850563
2019-06-13,130.79,137.69,128.31,136.0,2019-06-13T23:59:52.0000000Z,2019-06-13T00:00:05.0000000Z,2019-06-14T00:00:00.0000000Z,2019-06-13T00:00:00.0000000Z,18088,198798.83017732,136.15,-4.016423561870841,16.131658228351252
2019-06-14,132.49,133.23,125.66,130.79,2019-06-14T23:59:45.0000000Z,2019-06-14T00:00:06.0000000Z,2019-06-15T00:00:00.0000000Z,2019-06-14T00:00:00.0000000Z,17682,184637.76273255,130.79,1.291418737897132,1.6677623565918214
2019-06-15,138.33,139.95,132.52,132.53,2019-06-15T23:59:37.0000000Z,2019-06-15T00:00:56.0000000Z,2019-06-16T00:00:00.0000000Z,2019-06-15T00:00:00.0000000Z,21032,187315.61823477,132.49,4.313496400669248,18.606251198586556
