,price_close,price_high,price_low,price_open,time_close,time_open,time_period_end,time_period_start,trades_count,volume_traded
0,0.0398,0.042,0.0398,0.042,2018-12-31T22:27:24.0000000Z,2018-12-31T00:06:56.0000000Z,2019-01-01T00:00:00.0000000Z,2018-12-31T00:00:00.0000000Z,339,410.06413144
1,0.0433,0.0443,0.03942,0.03981,2019-01-01T20:22:44.0000000Z,2019-01-01T00:10:06.0000000Z,2019-01-02T00:00:00.0000000Z,2019-01-01T00:00:00.0000000Z,140,90.95412846
2,0.04378,0.0441,0.04223,0.04223,2019-01-02T23:45:08.0000000Z,2019-01-02T03:17:46.0000000Z,2019-01-03T00:00:00.0000000Z,2019-01-02T00:00:00.0000000Z,95,247.52925152
3,0.0421,0.0447,0.04179,0.0443,2019-01-03T23:14:12.0000000Z,2019-01-03T00:03:59.0000000Z,2019-01-04T00:00:00.0000000Z,2019-01-03T00:00:00.0000000Z,63,55.429107
4,0.041,0.04285,0.041,0.0418,2019-01-04T15:05:37.0000000Z,2019-01-04T00:33:47.0000000Z,2019-01-05T00:00:00.0000000Z,2019-01-04T00:00:00.0000000Z,81,67.976
5,0.04156,0.04222,0.04063,0.04206,2019-01-05T22:18:24.0000000Z,2019-01-05T00:30:07.0000000Z,2019-01-06T00:00:00.0000000Z,2019-01-05T00:00:00.0000000Z,126,297.8003253
6,0.0405,0.04159,0.04014,0.04104,2019-01-06T23:56:13.0000000Z,2019-01-06T00:46:41.0000000Z,2019-01-07T00:00:00.0000000Z,2019-01-06T00:00:00.0000000Z,65,78.55895944
7,0.03957,0.04098,0.03945,0.0405,2019-01-07T23:50:08.0000000Z,2019-01-07T00:11:49.0000000Z,2019-01-08T00:00:00.0000000Z,2019-01-07T00:00:00.0000000Z,82,201.29322583
8,0.03983,0.03989,0.03905,0.03953,2019-01-08T15:29:40.0000000Z,2019-01-08T05:12:04.0000000Z,2019-01-09T00:00:00.0000000Z,2019-01-08T00:00:00.0000000Z,11,9.25064072
9,0.03903,0.03999,0.039,0.03999,2019-01-09T21:01:01.0000000Z,2019-01-09T01:55:40.0000000Z,2019-01-10T00:00:00.0000000Z,2019-01-09T00:00:00.0000000Z,27,11.17068962
10,0.037,0.04056,0.03414,0.03997,2019-01-10T20:15:42.0000000Z,2019-01-10T01:04:42.0000000Z,2019-01-11T00:00:00.0000000Z,2019-01-10T00:00:00.0000000Z,174,166.89898569
11,0.03618,0.037,0.03511,0.037,2019-01-11T16:01:59.0000000Z,2019-01-11T00:28:38.0000000Z,2019-01-12T00:00:00.0000000Z,2019-01-11T00:00:00.0000000Z,78,58.3444321
12,0.037,0.03774,0.0362,0.0362,2019-01-12T19:14:17.0000000Z,2019-01-12T00:32:57.0000000Z,2019-01-13T00:00:00.0000000Z,2019-01-12T00:00:00.0000000Z,63,98.497
13,0.03496,0.03748,0.03496,0.03748,2019-01-13T19:38:49.0000000Z,2019-01-13T00:20:28.0000000Z,2019-01-14T00:00:00.0000000Z,2019-01-13T00:00:00.0000000Z,51,67.84504029
14,0.03583,0.03625,0.0349,0.03617,2019-01-14T23:50:23.0000000Z,2019-01-14T00:44:17.0000000Z,2019-01-15T00:00:00.0000000Z,2019-01-14T00:00:00.0000000Z,50,44.32786
15,0.03505,0.03624,0.03505,0.0362,2019-01-15T21:29:25.0000000Z,2019-01-15T01:55:31.0000000Z,2019-01-16T00:00:00.0000000Z,2019-01-15T00:00:00.0000000Z,22,25.7
16,0.03578,0.03578,0.0351,0.03545,2019-01-16T19:47:41.0000000Z,2019-01-16T03:20:44.0000000Z,2019-01-17T00:00:00.0000000Z,2019-01-16T00:00:00.0000000Z,17,30.698
17,0.0353,0.0361,0.03455,0.0351,2019-01-17T23:14:44.0000000Z,2019-01-17T03:15:34.0000000Z,2019-01-18T00:00:00.0000000Z,2019-01-17T00:00:00.0000000Z,560,1060.5545876
18,0.03505,0.0355,0.03505,0.0355,2019-01-18T20:06:59.0000000Z,2019-01-18T01:02:06.0000000Z,2019-01-19T00:00:00.0000000Z,2019-01-18T00:00:00.0000000Z,11,10.88617733
19,0.035,0.03517,0.03493,0.03494,2019-01-19T23:34:12.0000000Z,2019-01-19T03:44:38.0000000Z,2019-01-20T00:00:00.0000000Z,2019-01-19T00:00:00.0000000Z,9,121.63216454
20,0.03461,0.035,0.0342,0.035,2019-01-20T18:07:05.0000000Z,2019-01-20T00:08:13.0000000Z,2019-01-21T00:00:00.0000000Z,2019-01-20T00:00:00.0000000Z,44,68.19768
21,0.03459,0.03459,0.03459,0.03459,2019-01-21T12:00:11.0000000Z,2019-01-21T12:00:02.0000000Z,2019-01-22T00:00:00.0000000Z,2019-01-21T00:00:00.0000000Z,5,21.6550769
22,0.03534,0.036,0.0335,0.0342,2019-01-22T23:11:29.0000000Z,2019-01-22T06:58:24.0000000Z,2019-01-23T00:00:00.0000000Z,2019-01-22T00:00:00.0000000Z,74,45.51777789
23,0.03695,0.0375,0.03537,0.03537,2019-01-23T22:40:38.0000000Z,2019-01-23T01:46:19.0000000Z,2019-01-24T00:00:00.0000000Z,2019-01-23T00:00:00.0000000Z,53,56.95203748
24,0.03596,0.03696,0.03562,0.03696,2019-01-24T12:22:10.0000000Z,2019-01-24T00:02:29.0000000Z,2019-01-25T00:00:00.0000000Z,2019-01-24T00:00:00.0000000Z,18,32.6696
25,0.03542,0.0359,0.03531,0.03562,2019-01-25T16:19:55.0000000Z,2019-01-25T01:45:41.0000000Z,2019-01-26T00:00:00.0000000Z,2019-01-25T00:00:00.0000000Z,18,14.2176008
26,0.03555,0.03555,0.03525,0.0353,2019-01-26T02:51:59.0000000Z,2019-01-26T02:34:55.0000000Z,2019-01-27T00:00:00.0000000Z,2019-01-26T00:00:00.0000000Z,4,7.3
27,0.03442,0.035,0.0338,0.035,2019-01-27T23:10:49.0000000Z,2019-01-27T04:47:17.0000000Z,2019-01-28T00:00:00.0000000Z,2019-01-27T00:00:00.0000000Z,23,26.658
28,0.03202,0.03441,0.03084,0.03413,2019-01-28T23:15:58.0000000Z,2019-01-28T00:04:50.0000000Z,2019-01-29T00:00:00.0000000Z,2019-01-28T00:00:00.0000000Z,107,129.00841615
29,0.03235,0.03271,0.03155,0.03271,2019-01-29T23:25:26.0000000Z,2019-01-29T00:15:32.0000000Z,2019-01-30T00:00:00.0000000Z,2019-01-29T00:00:00.0000000Z,40,52.3157062
30,0.03422,0.03422,0.03222,0.03222,2019-01-30T23:30:33.0000000Z,2019-01-30T00:03:34.0000000Z,2019-01-31T00:00:00.0000000Z,2019-01-30T00:00:00.0000000Z,37,24.4753
31,0.0329,0.03422,0.0329,0.03422,2019-01-31T23:24:10.0000000Z,2019-01-31T00:54:14.0000000Z,2019-02-01T00:00:00.0000000Z,2019-01-31T00:00:00.0000000Z,20,35.88156404
32,0.03299,0.03361,0.03215,0.03274,2019-02-01T22:44:41.0000000Z,2019-02-01T01:50:27.0000000Z,2019-02-02T00:00:00.0000000Z,2019-02-01T00:00:00.0000000Z,35,166.84959806
33,0.03432,0.03469,0.033,0.033,2019-02-02T15:07:48.0000000Z,2019-02-02T00:12:18.0000000Z,2019-02-03T00:00:00.0000000Z,2019-02-02T00:00:00.0000000Z,19,4.83201258
34,0.0341,0.03469,0.0341,0.0344,2019-02-03T20:54:05.0000000Z,2019-02-03T02:35:07.0000000Z,2019-02-04T00:00:00.0000000Z,2019-02-03T00:00:00.0000000Z,17,10.98858782
35,0.03451,0.03451,0.03408,0.03408,2019-02-04T08:54:25.0000000Z,2019-02-04T02:37:31.0000000Z,2019-02-05T00:00:00.0000000Z,2019-02-04T00:00:00.0000000Z,7,5.409
36,0.03367,0.03408,0.03367,0.03408,2019-02-05T23:25:48.0000000Z,2019-02-05T02:33:51.0000000Z,2019-02-06T00:00:00.0000000Z,2019-02-05T00:00:00.0000000Z,10,78.26656272
37,0.03364,0.0357,0.03288,0.03332,2019-02-06T23:10:27.0000000Z,2019-02-06T01:10:57.0000000Z,2019-02-07T00:00:00.0000000Z,2019-02-06T00:00:00.0000000Z,35,80.2549195
38,0.03351,0.03439,0.03351,0.03399,2019-02-07T23:01:17.0000000Z,2019-02-07T04:25:28.0000000Z,2019-02-08T00:00:00.0000000Z,2019-02-07T00:00:00.0000000Z,18,70.72870229
39,0.03546,0.0359,0.03354,0.03354,2019-02-08T23:50:57.0000000Z,2019-02-08T02:34:17.0000000Z,2019-02-09T00:00:00.0000000Z,2019-02-08T00:00:00.0000000Z,36,39.56570498
40,0.03498,0.03528,0.03468,0.03524,2019-02-09T23:18:01.0000000Z,2019-02-09T03:54:11.0000000Z,2019-02-10T00:00:00.0000000Z,2019-02-09T00:00:00.0000000Z,16,19.86903286
41,0.03449,0.03497,0.03332,0.03497,2019-02-10T23:05:20.0000000Z,2019-02-10T03:22:25.0000000Z,2019-02-11T00:00:00.0000000Z,2019-02-10T00:00:00.0000000Z,25,29.9473599
42,0.03335,0.0342,0.03335,0.0342,2019-02-11T16:52:30.0000000Z,2019-02-11T02:46:10.0000000Z,2019-02-12T00:00:00.0000000Z,2019-02-11T00:00:00.0000000Z,9,8.8188
43,0.03337,0.0338,0.03292,0.03292,2019-02-12T22:33:34.0000000Z,2019-02-12T01:08:44.0000000Z,2019-02-13T00:00:00.0000000Z,2019-02-12T00:00:00.0000000Z,6,5.21098029
44,0.03405,0.03449,0.03362,0.03363,2019-02-13T22:47:56.0000000Z,2019-02-13T01:44:23.0000000Z,2019-02-14T00:00:00.0000000Z,2019-02-13T00:00:00.0000000Z,27,13.59756278
45,0.0338,0.03422,0.03348,0.0342,2019-02-14T21:09:08.0000000Z,2019-02-14T02:31:44.0000000Z,2019-02-15T00:00:00.0000000Z,2019-02-14T00:00:00.0000000Z,21,18.8264978
46,0.03312,0.0338,0.03312,0.03379,2019-02-15T14:22:53.0000000Z,2019-02-15T03:09:34.0000000Z,2019-02-16T00:00:00.0000000Z,2019-02-15T00:00:00.0000000Z,37,27.558
47,0.03346,0.03398,0.03345,0.03394,2019-02-16T20:35:40.0000000Z,2019-02-16T04:20:27.0000000Z,2019-02-17T00:00:00.0000000Z,2019-02-16T00:00:00.0000000Z,20,32.79643517
48,0.03403,0.03403,0.0332,0.03346,2019-02-17T23:10:56.0000000Z,2019-02-17T01:36:36.0000000Z,2019-02-18T00:00:00.0000000Z,2019-02-17T00:00:00.0000000Z,36,27.00731386
49,0.03673,0.03805,0.03387,0.03441,2019-02-18T23:20:04.0000000Z,2019-02-18T00:02:50.0000000Z,2019-02-19T00:00:00.0000000Z,2019-02-18T00:00:00.0000000Z,215,294.97933568
50,0.0362,0.0382,0.0362,0.03694,2019-02-19T23:34:56.0000000Z,2019-02-19T00:09:39.0000000Z,2019-02-20T00:00:00.0000000Z,2019-02-19T00:00:00.0000000Z,67,68.85696635
51,0.0369,0.0369,0.03485,0.036,2019-02-20T17:54:51.0000000Z,2019-02-20T00:27:10.0000000Z,2019-02-21T00:00:00.0000000Z,2019-02-20T00:00:00.0000000Z,52,83.3838
52,0.03609,0.0369,0.035,0.0369,2019-02-21T18:44:16.0000000Z,2019-02-21T00:06:59.0000000Z,2019-02-22T00:00:00.0000000Z,2019-02-21T00:00:00.0000000Z,20,6.5694
53,0.03541,0.03628,0.03541,0.0361,2019-02-22T22:14:42.0000000Z,2019-02-22T02:02:27.0000000Z,2019-02-23T00:00:00.0000000Z,2019-02-22T00:00:00.0000000Z,7,55.01
54,0.0374,0.0374,0.03611,0.03627,2019-02-23T23:59:59.0000000Z,2019-02-23T17:03:19.0000000Z,2019-02-24T00:00:00.0000000Z,2019-02-23T00:00:00.0000000Z,24,26.626
55,0.034,0.03772,0.034,0.03721,2019-02-24T23:59:56.0000000Z,2019-02-24T00:26:01.0000000Z,2019-02-25T00:00:00.0000000Z,2019-02-24T00:00:00.0000000Z,215,162.7942367
56,0.03513,0.03594,0.03399,0.034,2019-02-25T23:59:51.0000000Z,2019-02-25T00:29:20.0000000Z,2019-02-26T00:00:00.0000000Z,2019-02-25T00:00:00.0000000Z,45,27.75520514
57,0.0345,0.0355,0.0345,0.0355,2019-02-26T08:26:02.0000000Z,2019-02-26T01:26:19.0000000Z,2019-02-27T00:00:00.0000000Z,2019-02-26T00:00:00.0000000Z,11,17.32
58,0.0342,0.03485,0.0342,0.03435,2019-02-27T22:45:25.0000000Z,2019-02-27T02:00:13.0000000Z,2019-02-28T00:00:00.0000000Z,2019-02-27T00:00:00.0000000Z,14,20.66580805
59,0.034,0.03452,0.034,0.0341,2019-02-28T22:26:38.0000000Z,2019-02-28T00:16:09.0000000Z,2019-03-01T00:00:00.0000000Z,2019-02-28T00:00:00.0000000Z,27,17.79518992
60,0.03407,0.0345,0.03376,0.03401,2019-03-01T17:29:58.0000000Z,2019-03-01T01:14:39.0000000Z,2019-03-02T00:00:00.0000000Z,2019-03-01T00:00:00.0000000Z,352,671.45965419
61,0.03405,0.03433,0.03326,0.03433,2019-03-02T19:48:44.0000000Z,2019-03-02T07:57:46.0000000Z,2019-03-03T00:00:00.0000000Z,2019-03-02T00:00:00.0000000Z,130,147.18220672
62,0.0339,0.03439,0.03386,0.0341,2019-03-03T20:22:48.0000000Z,2019-03-03T03:35:29.0000000Z,2019-03-04T00:00:00.0000000Z,2019-03-03T00:00:00.0000000Z,13,17.11072849
63,0.03309,0.03383,0.03268,0.03383,2019-03-04T22:24:03.0000000Z,2019-03-04T03:02:58.0000000Z,2019-03-05T00:00:00.0000000Z,2019-03-04T00:00:00.0000000Z,98,350.9088454
64,0.0342,0.0342,0.0331,0.03319,2019-03-05T19:12:02.0000000Z,2019-03-05T00:08:58.0000000Z,2019-03-06T00:00:00.0000000Z,2019-03-05T00:00:00.0000000Z,62,103.28698047
65,0.0338,0.03418,0.03343,0.03391,2019-03-06T17:44:11.0000000Z,2019-03-06T00:09:30.0000000Z,2019-03-07T00:00:00.0000000Z,2019-03-06T00:00:00.0000000Z,151,177.64312344
66,0.03342,0.03418,0.0334,0.0338,2019-03-07T22:57:17.0000000Z,2019-03-07T01:19:35.0000000Z,2019-03-08T00:00:00.0000000Z,2019-03-07T00:00:00.0000000Z,114,110.73520143
67,0.03294,0.03342,0.0327,0.03342,2019-03-08T23:35:23.0000000Z,2019-03-08T02:55:26.0000000Z,2019-03-09T00:00:00.0000000Z,2019-03-08T00:00:00.0000000Z,80,116.74152633
68,0.034,0.03472,0.03291,0.03291,2019-03-09T21:28:45.0000000Z,2019-03-09T04:28:29.0000000Z,2019-03-10T00:00:00.0000000Z,2019-03-09T00:00:00.0000000Z,29,29.28696304
69,0.0337,0.03376,0.03323,0.03376,2019-03-10T23:21:02.0000000Z,2019-03-10T03:33:39.0000000Z,2019-03-11T00:00:00.0000000Z,2019-03-10T00:00:00.0000000Z,9,6.05
70,0.03292,0.03345,0.0329,0.03345,2019-03-11T23:24:32.0000000Z,2019-03-11T04:56:47.0000000Z,2019-03-12T00:00:00.0000000Z,2019-03-11T00:00:00.0000000Z,84,133.0302957
71,0.03288,0.03335,0.03288,0.03311,2019-03-12T22:33:44.0000000Z,2019-03-12T00:01:13.0000000Z,2019-03-13T00:00:00.0000000Z,2019-03-12T00:00:00.0000000Z,42,84.67958038
72,0.03288,0.03321,0.03288,0.03288,2019-03-13T20:57:02.0000000Z,2019-03-13T02:21:47.0000000Z,2019-03-14T00:00:00.0000000Z,2019-03-13T00:00:00.0000000Z,11,31.70879
73,0.03379,0.0346,0.03309,0.03325,2019-03-14T23:16:50.0000000Z,2019-03-14T01:30:27.0000000Z,2019-03-15T00:00:00.0000000Z,2019-03-14T00:00:00.0000000Z,94,66.62529027
74,0.03662,0.03699,0.03367,0.03409,2019-03-15T22:57:46.0000000Z,2019-03-15T00:19:21.0000000Z,2019-03-16T00:00:00.0000000Z,2019-03-15T00:00:00.0000000Z,115,167.46404953
75,0.03871,0.04048,0.03662,0.03662,2019-03-16T23:48:28.0000000Z,2019-03-16T00:23:06.0000000Z,2019-03-17T00:00:00.0000000Z,2019-03-16T00:00:00.0000000Z,568,685.05899785
76,0.03847,0.03915,0.03623,0.03915,2019-03-17T22:40:01.0000000Z,2019-03-17T00:04:19.0000000Z,2019-03-18T00:00:00.0000000Z,2019-03-17T00:00:00.0000000Z,153,210.10121562
77,0.03987,0.04114,0.03903,0.0394,2019-03-18T21:42:08.0000000Z,2019-03-18T00:40:28.0000000Z,2019-03-19T00:00:00.0000000Z,2019-03-18T00:00:00.0000000Z,103,66.11926738
78,0.0397,0.04002,0.03868,0.04002,2019-03-19T17:35:51.0000000Z,2019-03-19T01:32:36.0000000Z,2019-03-20T00:00:00.0000000Z,2019-03-19T00:00:00.0000000Z,112,146.8261
79,0.03937,0.0397,0.03861,0.0397,2019-03-20T17:54:00.0000000Z,2019-03-20T00:29:00.0000000Z,2019-03-21T00:00:00.0000000Z,2019-03-20T00:00:00.0000000Z,47,40.4450011
80,0.03792,0.03935,0.0376,0.03882,2019-03-21T17:20:17.0000000Z,2019-03-21T02:15:29.0000000Z,2019-03-22T00:00:00.0000000Z,2019-03-21T00:00:00.0000000Z,35,63.69124087
81,0.0388,0.03954,0.03791,0.03805,2019-03-22T19:35:18.0000000Z,2019-03-22T00:29:59.0000000Z,2019-03-23T00:00:00.0000000Z,2019-03-22T00:00:00.0000000Z,117,186.28255598
82,0.04142,0.04227,0.04002,0.04002,2019-03-23T23:26:27.0000000Z,2019-03-23T02:14:36.0000000Z,2019-03-24T00:00:00.0000000Z,2019-03-23T00:00:00.0000000Z,213,199.9596679
83,0.04103,0.04142,0.04085,0.04085,2019-03-24T15:22:05.0000000Z,2019-03-24T04:15:09.0000000Z,2019-03-25T00:00:00.0000000Z,2019-03-24T00:00:00.0000000Z,16,16.33
84,0.04035,0.04137,0.03908,0.04137,2019-03-25T23:58:30.0000000Z,2019-03-25T06:41:47.0000000Z,2019-03-26T00:00:00.0000000Z,2019-03-25T00:00:00.0000000Z,120,202.0582
85,0.04,0.04083,0.03938,0.0404,2019-03-26T23:57:16.0000000Z,2019-03-26T00:00:37.0000000Z,2019-03-27T00:00:00.0000000Z,2019-03-26T00:00:00.0000000Z,187,409.20633762
86,0.04278,0.04278,0.03994,0.0402,2019-03-27T23:27:08.0000000Z,2019-03-27T00:00:47.0000000Z,2019-03-28T00:00:00.0000000Z,2019-03-27T00:00:00.0000000Z,153,142.6821269
87,0.04111,0.0421,0.04111,0.04152,2019-03-28T12:45:44.0000000Z,2019-03-28T00:28:04.0000000Z,2019-03-29T00:00:00.0000000Z,2019-03-28T00:00:00.0000000Z,51,50.69314
88,0.04102,0.04182,0.04101,0.04125,2019-03-29T21:39:31.0000000Z,2019-03-29T09:22:29.0000000Z,2019-03-30T00:00:00.0000000Z,2019-03-29T00:00:00.0000000Z,19,12.335
89,0.04045,0.0416,0.04045,0.04139,2019-03-30T17:52:28.0000000Z,2019-03-30T00:09:07.0000000Z,2019-03-31T00:00:00.0000000Z,2019-03-30T00:00:00.0000000Z,39,28.54167307
90,0.041,0.041,0.04035,0.04091,2019-03-31T23:22:11.0000000Z,2019-03-31T02:51:58.0000000Z,2019-04-01T00:00:00.0000000Z,2019-03-31T00:00:00.0000000Z,11,13.42948799
91,0.04031,0.0411,0.04031,0.0411,2019-04-01T23:29:37.0000000Z,2019-04-01T00:30:25.0000000Z,2019-04-02T00:00:00.0000000Z,2019-04-01T00:00:00.0000000Z,33,26.3949
92,0.0495,0.05049,0.03669,0.0403,2019-04-02T23:57:06.0000000Z,2019-04-02T02:15:19.0000000Z,2019-04-03T00:00:00.0000000Z,2019-04-02T00:00:00.0000000Z,1012,977.96164555
93,0.06108,0.0666,0.04951,0.0498,2019-04-03T23:58:09.0000000Z,2019-04-03T00:02:23.0000000Z,2019-04-04T00:00:00.0000000Z,2019-04-03T00:00:00.0000000Z,951,1172.87127917
94,0.05642,0.06394,0.05602,0.06137,2019-04-04T23:56:33.0000000Z,2019-04-04T00:00:43.0000000Z,2019-04-05T00:00:00.0000000Z,2019-04-04T00:00:00.0000000Z,460,441.49854237
95,0.05861,0.05954,0.05642,0.05799,2019-04-05T23:47:39.0000000Z,2019-04-05T00:00:57.0000000Z,2019-04-06T00:00:00.0000000Z,2019-04-05T00:00:00.0000000Z,470,481.43731855
96,0.0605,0.06393,0.05707,0.05825,2019-04-06T23:42:12.0000000Z,2019-04-06T00:10:17.0000000Z,2019-04-07T00:00:00.0000000Z,2019-04-06T00:00:00.0000000Z,275,215.77933586
97,0.0624,0.06353,0.05803,0.05803,2019-04-07T22:41:09.0000000Z,2019-04-07T00:53:57.0000000Z,2019-04-08T00:00:00.0000000Z,2019-04-07T00:00:00.0000000Z,98,157.3113722
98,0.05928,0.062,0.058,0.06113,2019-04-08T23:27:48.0000000Z,2019-04-08T00:00:52.0000000Z,2019-04-09T00:00:00.0000000Z,2019-04-08T00:00:00.0000000Z,213,132.07866589
99,0.05689,0.05821,0.05687,0.058,2019-04-09T21:43:45.0000000Z,2019-04-09T01:00:12.0000000Z,2019-04-10T00:00:00.0000000Z,2019-04-09T00:00:00.0000000Z,60,70.35627374
100,0.057,0.0582,0.05689,0.05689,2019-04-10T21:58:19.0000000Z,2019-04-10T00:03:41.0000000Z,2019-04-11T00:00:00.0000000Z,2019-04-10T00:00:00.0000000Z,48,31.30058081
101,0.05447,0.05688,0.04871,0.05645,2019-04-11T23:42:05.0000000Z,2019-04-11T02:35:06.0000000Z,2019-04-12T00:00:00.0000000Z,2019-04-11T00:00:00.0000000Z,459,950.76658697
102,0.05566,0.05746,0.05241,0.0543,2019-04-12T21:52:18.0000000Z,2019-04-12T00:50:56.0000000Z,2019-04-13T00:00:00.0000000Z,2019-04-12T00:00:00.0000000Z,162,265.45582106
103,0.0551,0.05597,0.054,0.05549,2019-04-13T23:06:18.0000000Z,2019-04-13T01:32:58.0000000Z,2019-04-14T00:00:00.0000000Z,2019-04-13T00:00:00.0000000Z,42,43.68787732
104,0.05493,0.05606,0.05417,0.0547,2019-04-14T23:49:02.0000000Z,2019-04-14T04:36:03.0000000Z,2019-04-15T00:00:00.0000000Z,2019-04-14T00:00:00.0000000Z,20,20.29432861
105,0.0613,0.064,0.05526,0.05526,2019-04-15T23:59:23.0000000Z,2019-04-15T00:24:03.0000000Z,2019-04-16T00:00:00.0000000Z,2019-04-15T00:00:00.0000000Z,262,337.15839759
106,0.06144,0.0633,0.06046,0.06223,2019-04-16T22:27:54.0000000Z,2019-04-16T00:00:10.0000000Z,2019-04-17T00:00:00.0000000Z,2019-04-16T00:00:00.0000000Z,208,251.87606605
107,0.05866,0.06099,0.05851,0.06099,2019-04-17T22:41:07.0000000Z,2019-04-17T00:28:06.0000000Z,2019-04-18T00:00:00.0000000Z,2019-04-17T00:00:00.0000000Z,663,600.09466154
108,0.05842,0.05959,0.05762,0.05958,2019-04-18T23:56:59.0000000Z,2019-04-18T00:12:44.0000000Z,2019-04-19T00:00:00.0000000Z,2019-04-18T00:00:00.0000000Z,227,264.43551129
109,0.05746,0.05833,0.0555,0.05755,2019-04-19T19:31:19.0000000Z,2019-04-19T01:14:37.0000000Z,2019-04-20T00:00:00.0000000Z,2019-04-19T00:00:00.0000000Z,119,252.4161366
110,0.05649,0.0582,0.05649,0.0582,2019-04-20T23:35:23.0000000Z,2019-04-20T00:14:35.0000000Z,2019-04-21T00:00:00.0000000Z,2019-04-20T00:00:00.0000000Z,221,111.13617621
111,0.0549,0.05649,0.0537,0.05649,2019-04-21T22:48:20.0000000Z,2019-04-21T04:30:44.0000000Z,2019-04-22T00:00:00.0000000Z,2019-04-21T00:00:00.0000000Z,117,122.64290066
112,0.05408,0.0559,0.05402,0.05587,2019-04-22T23:56:19.0000000Z,2019-04-22T00:52:44.0000000Z,2019-04-23T00:00:00.0000000Z,2019-04-22T00:00:00.0000000Z,86,71.55744212
113,0.05221,0.05821,0.052,0.05409,2019-04-23T23:52:34.0000000Z,2019-04-23T00:00:29.0000000Z,2019-04-24T00:00:00.0000000Z,2019-04-23T00:00:00.0000000Z,201,438.46589313
114,0.04912,0.0521,0.0491,0.05209,2019-04-24T23:42:33.0000000Z,2019-04-24T00:39:46.0000000Z,2019-04-25T00:00:00.0000000Z,2019-04-24T00:00:00.0000000Z,165,117.13530224
115,0.0511,0.05312,0.04902,0.04912,2019-04-25T23:58:34.0000000Z,2019-04-25T00:59:57.0000000Z,2019-04-26T00:00:00.0000000Z,2019-04-25T00:00:00.0000000Z,178,162.56782441
116,0.0496,0.05179,0.04937,0.05174,2019-04-26T13:32:33.0000000Z,2019-04-26T00:00:33.0000000Z,2019-04-27T00:00:00.0000000Z,2019-04-26T00:00:00.0000000Z,285,145.04767438
117,0.05168,0.0518,0.04986,0.05044,2019-04-27T22:38:33.0000000Z,2019-04-27T01:17:50.0000000Z,2019-04-28T00:00:00.0000000Z,2019-04-27T00:00:00.0000000Z,20,0.31061198
118,0.04943,0.05179,0.048,0.0499,2019-04-28T23:36:05.0000000Z,2019-04-28T02:19:33.0000000Z,2019-04-29T00:00:00.0000000Z,2019-04-28T00:00:00.0000000Z,86,63.42662006
119,0.04531,0.0472,0.045,0.04699,2019-04-29T23:59:29.0000000Z,2019-04-29T00:40:34.0000000Z,2019-04-30T00:00:00.0000000Z,2019-04-29T00:00:00.0000000Z,62,46.562
120,0.0499,0.0499,0.04509,0.04607,2019-04-30T23:41:06.0000000Z,2019-04-30T02:35:18.0000000Z,2019-05-01T00:00:00.0000000Z,2019-04-30T00:00:00.0000000Z,85,91.69012176
121,0.05008,0.052,0.04933,0.05049,2019-05-01T17:29:55.0000000Z,2019-05-01T00:01:35.0000000Z,2019-05-02T00:00:00.0000000Z,2019-05-01T00:00:00.0000000Z,67,31.96650259
122,0.04672,0.05172,0.04672,0.05008,2019-05-02T23:42:58.0000000Z,2019-05-02T00:05:49.0000000Z,2019-05-03T00:00:00.0000000Z,2019-05-02T00:00:00.0000000Z,24,17.2572
123,0.05189,0.05198,0.0468,0.04902,2019-05-03T23:56:25.0000000Z,2019-05-03T01:04:57.0000000Z,2019-05-04T00:00:00.0000000Z,2019-05-03T00:00:00.0000000Z,141,120.64432499
124,0.05,0.05309,0.04672,0.05168,2019-05-04T23:44:19.0000000Z,2019-05-04T00:15:21.0000000Z,2019-05-05T00:00:00.0000000Z,2019-05-04T00:00:00.0000000Z,164,171.024103
125,0.05041,0.056,0.04727,0.05059,2019-05-05T17:32:33.0000000Z,2019-05-05T01:04:05.0000000Z,2019-05-06T00:00:00.0000000Z,2019-05-05T00:00:00.0000000Z,60,30.00794458
126,0.05004,0.0512,0.04801,0.05035,2019-05-06T22:10:35.0000000Z,2019-05-06T00:34:23.0000000Z,2019-05-07T00:00:00.0000000Z,2019-05-06T00:00:00.0000000Z,221,160.2807622
127,0.04931,0.0511,0.04759,0.051,2019-05-07T23:18:48.0000000Z,2019-05-07T00:53:09.0000000Z,2019-05-08T00:00:00.0000000Z,2019-05-07T00:00:00.0000000Z,182,210.34482763
128,0.04755,0.04905,0.047,0.04905,2019-05-08T22:05:37.0000000Z,2019-05-08T00:00:29.0000000Z,2019-05-09T00:00:00.0000000Z,2019-05-08T00:00:00.0000000Z,174,193.776505
129,0.04504,0.04968,0.045,0.04755,2019-05-09T23:48:22.0000000Z,2019-05-09T01:00:05.0000000Z,2019-05-10T00:00:00.0000000Z,2019-05-09T00:00:00.0000000Z,290,300.3602114
130,0.0453,0.04687,0.03758,0.04569,2019-05-10T20:30:50.0000000Z,2019-05-10T00:05:04.0000000Z,2019-05-11T00:00:00.0000000Z,2019-05-10T00:00:00.0000000Z,290,336.03697862
131,0.04201,0.0518,0.041,0.04411,2019-05-11T23:57:40.0000000Z,2019-05-11T01:18:13.0000000Z,2019-05-12T00:00:00.0000000Z,2019-05-11T00:00:00.0000000Z,812,749.46275333
132,0.05158,0.0521,0.04106,0.05061,2019-05-12T23:39:33.0000000Z,2019-05-12T00:00:53.0000000Z,2019-05-13T00:00:00.0000000Z,2019-05-12T00:00:00.0000000Z,811,839.83443291
133,0.04501,0.05188,0.045,0.05002,2019-05-13T23:52:34.0000000Z,2019-05-13T00:00:40.0000000Z,2019-05-14T00:00:00.0000000Z,2019-05-13T00:00:00.0000000Z,624,443.90973725
134,0.0478,0.04998,0.045,0.04506,2019-05-14T23:54:37.0000000Z,2019-05-14T00:06:28.0000000Z,2019-05-15T00:00:00.0000000Z,2019-05-14T00:00:00.0000000Z,590,386.94669316
135,0.049,0.049,0.04201,0.04622,2019-05-15T23:48:41.0000000Z,2019-05-15T01:27:22.0000000Z,2019-05-16T00:00:00.0000000Z,2019-05-15T00:00:00.0000000Z,380,218.1701973
136,0.0495,0.054,0.04521,0.0493,2019-05-16T23:52:01.0000000Z,2019-05-16T00:42:06.0000000Z,2019-05-17T00:00:00.0000000Z,2019-05-16T00:00:00.0000000Z,569,305.77033624
137,0.04998,0.05387,0.04712,0.0496,2019-05-17T22:57:45.0000000Z,2019-05-17T00:07:50.0000000Z,2019-05-18T00:00:00.0000000Z,2019-05-17T00:00:00.0000000Z,236,128.5667507
138,0.05246,0.05386,0.0485,0.04912,2019-05-18T21:39:13.0000000Z,2019-05-18T00:11:03.0000000Z,2019-05-19T00:00:00.0000000Z,2019-05-18T00:00:00.0000000Z,118,81.6861591
139,0.0511,0.05349,0.04847,0.05246,2019-05-19T23:47:25.0000000Z,2019-05-19T01:15:07.0000000Z,2019-05-20T00:00:00.0000000Z,2019-05-19T00:00:00.0000000Z,527,412.3692337
140,0.053,0.053,0.047,0.0509,2019-05-20T22:07:42.0000000Z,2019-05-20T00:02:02.0000000Z,2019-05-21T00:00:00.0000000Z,2019-05-20T00:00:00.0000000Z,683,438.6069723
141,0.05196,0.056,0.05113,0.05291,2019-05-21T23:19:54.0000000Z,2019-05-21T00:03:39.0000000Z,2019-05-22T00:00:00.0000000Z,2019-05-21T00:00:00.0000000Z,592,370.4127289
142,0.051,0.05223,0.05,0.05223,2019-05-22T21:35:55.0000000Z,2019-05-22T02:35:36.0000000Z,2019-05-23T00:00:00.0000000Z,2019-05-22T00:00:00.0000000Z,69,49.8898913
143,0.05176,0.05212,0.04921,0.05047,2019-05-23T19:15:34.0000000Z,2019-05-23T00:10:18.0000000Z,2019-05-24T00:00:00.0000000Z,2019-05-23T00:00:00.0000000Z,310,227.8047888
144,0.05107,0.053,0.05,0.05174,2019-05-24T23:14:55.0000000Z,2019-05-24T00:18:58.0000000Z,2019-05-25T00:00:00.0000000Z,2019-05-24T00:00:00.0000000Z,308,115.7845512
145,0.05003,0.052,0.05002,0.0515,2019-05-25T18:21:33.0000000Z,2019-05-25T00:00:11.0000000Z,2019-05-26T00:00:00.0000000Z,2019-05-25T00:00:00.0000000Z,87,38.573734
146,0.04891,0.05268,0.04885,0.05002,2019-05-26T23:26:31.0000000Z,2019-05-26T02:54:10.0000000Z,2019-05-27T00:00:00.0000000Z,2019-05-26T00:00:00.0000000Z,95,40.5645638
147,0.04883,0.052,0.0462,0.05052,2019-05-27T23:31:36.0000000Z,2019-05-27T00:06:46.0000000Z,2019-05-28T00:00:00.0000000Z,2019-05-27T00:00:00.0000000Z,273,201.17730172
148,0.04956,0.05,0.04881,0.04896,2019-05-28T21:30:02.0000000Z,2019-05-28T00:20:57.0000000Z,2019-05-29T00:00:00.0000000Z,2019-05-28T00:00:00.0000000Z,356,311.80514078
149,0.052,0.053,0.04945,0.05,2019-05-29T23:42:53.0000000Z,2019-05-29T00:03:56.0000000Z,2019-05-30T00:00:00.0000000Z,2019-05-29T00:00:00.0000000Z,522,364.39254808
150,0.048,0.056,0.048,0.0528,2019-05-30T23:54:03.0000000Z,2019-05-30T00:17:26.0000000Z,2019-05-31T00:00:00.0000000Z,2019-05-30T00:00:00.0000000Z,406,359.2559776
151,0.05113,0.052,0.05063,0.05142,2019-05-31T23:52:59.0000000Z,2019-05-31T00:16:10.0000000Z,2019-06-01T00:00:00.0000000Z,2019-05-31T00:00:00.0000000Z,249,260.81065507
